,A,C,D,E,F,G,H,I,K,L,M,N,P,Q,R,S,T,V,W,Y,c-carb,m-oxid,n-deam,q-deam,k-hydr,r-meth,Total area,Total length,% C w/ carb,% M w/ oxid,% N w/ deam,% Q w/ deam,% K w/ hydr,% R w/ meth,NAAF denom.
sample total,415,7,217,196,78,309,9,154,201,207,31,144,135,121,167,346,161,292,13,52,7,16,0,6,3,0,913932978.0,3864,1.0,0.5161290322580645,0.0,0.049586776859504134,0.014925373134328358,0.0,236525.09782608695
