,NAAF,A-NAAF,C-NAAF,D-NAAF,E-NAAF,F-NAAF,G-NAAF,H-NAAF,I-NAAF,K-NAAF,L-NAAF,M-NAAF,N-NAAF,P-NAAF,Q-NAAF,R-NAAF,S-NAAF,T-NAAF,V-NAAF,W-NAAF,Y-NAAF,C-carb-NAAF,M-oxid-NAAF,N-deam-NAAF,Q-deam-NAAF,K-hydr-NAAF,R-meth-NAAF,% C w/ carb. NAAF,% M w/ oxid. NAAF,% N w/ deam. NAAF,% Q w/ deam. NAAF,% K w/ hydr. NAAF,% R w/ meth. NAAF,NAAF check
sample total,112.60024778769595,226.7129325849046,1.5276329452900985,137.88619833386196,162.28317138821672,6.005896835143916,152.28922711353167,2.5378204707932164,112.6688377253756,78.5909399955171,146.56245367421687,7.052826523304445,43.133142709780735,84.24559387477267,132.78395730732572,163.4075301126323,76.6856230252092,87.00789112893024,274.00491795202345,43.72405998916003,3.4555414829944193,1.5276329452900985,0.12892821147238212,0.31662482935404457,0.7081842527151561,0.0,0.315217192125131,1.0,0.01828036051168542,0.007340638995040065,0.0053333570340585515,0.0,0.001929024885865789,0.00032138596892860585
