,NAAF,A-NAAF,C-NAAF,D-NAAF,E-NAAF,F-NAAF,G-NAAF,H-NAAF,I-NAAF,K-NAAF,L-NAAF,M-NAAF,N-NAAF,P-NAAF,Q-NAAF,R-NAAF,S-NAAF,T-NAAF,V-NAAF,W-NAAF,Y-NAAF,C-carb-NAAF,M-oxid-NAAF,N-deam-NAAF,Q-deam-NAAF,K-hydr-NAAF,R-meth-NAAF,% C w/ carb. NAAF,% M w/ oxid. NAAF,% N w/ deam. NAAF,% Q w/ deam. NAAF,% K w/ hydr. NAAF,% R w/ meth. NAAF,NAAF check
sample total,107.69364997241628,219.8787876055055,2.1467016227294264,131.3212840843033,157.62941014360422,6.357170040849744,141.47787338388065,2.3826317941599235,107.6181783818322,76.37789105566027,139.30975146623783,6.893848410926822,40.31949170935935,77.32730066954737,120.68716662550261,154.7140234179083,71.68828937078332,83.10333998699964,257.0756611158551,43.135883368297115,3.423596758111934,2.1467016227294264,0.16726259186819792,0.5125826703575767,0.9703851578111491,0.0,0.3986316600181726,1.0,0.024262586279542347,0.012713024113808237,0.008040499954914803,0.0,0.0025765709611300213,0.00022787174499650162
