,A,C,D,E,F,G,H,I,K,L,M,N,P,Q,R,S,T,V,W,Y,c-carb,m-oxid,n-deam,q-deam,k-hydr,r-meth,Total area,Total length,% C w/ carb,% M w/ oxid,% N w/ deam,% Q w/ deam,% K w/ hydr,% R w/ meth,NAAF denom.
sample total,3021,591,1546,2121,1356,1648,1019,0,4038,4376,1574,2494,2272,1268,3177,1839,2194,2689,1137,1268,591,634,491,26,669,1085,9568026479.300001,35570,1.0,0.4027954256670902,0.19687249398556536,0.02050473186119874,0.16567607726597325,0.34151715454831605,268991.4669468654
