,NAAF,A-NAAF,C-NAAF,D-NAAF,E-NAAF,F-NAAF,G-NAAF,H-NAAF,I-NAAF,K-NAAF,L-NAAF,M-NAAF,N-NAAF,P-NAAF,Q-NAAF,R-NAAF,S-NAAF,T-NAAF,V-NAAF,W-NAAF,Y-NAAF,C-carb-NAAF,M-oxid-NAAF,N-deam-NAAF,Q-deam-NAAF,K-hydr-NAAF,R-meth-NAAF,% C w/ carb. NAAF,% M w/ oxid. NAAF,% N w/ deam. NAAF,% Q w/ deam. NAAF,% K w/ hydr. NAAF,% R w/ meth. NAAF,NAAF check
sample total,729.0420310314365,659.7997405726993,64.90568074840992,65.84843205893678,256.8329219311571,63.603616768067795,148.39376791655332,8.960727562437416,0.0,169.38269325529222,992.4200272803118,39.64351658322964,213.23726189018902,580.5155962651834,115.20810272768749,663.9704723618499,567.721417372509,637.5562688027684,1454.9808476894777,81.40868767009368,71.8073039817389,64.90568074840992,3.96433832908248,124.80761989684109,25.85587808018597,35.80092793845199,70.42730884825433,1.0,0.09999966377249969,0.5852992989617049,0.22442760073308746,0.211361191928228,0.10606994102875245,0.0006458168989035357
