,NAAF,A-NAAF,C-NAAF,D-NAAF,E-NAAF,F-NAAF,G-NAAF,H-NAAF,I-NAAF,K-NAAF,L-NAAF,M-NAAF,N-NAAF,P-NAAF,Q-NAAF,R-NAAF,S-NAAF,T-NAAF,V-NAAF,W-NAAF,Y-NAAF,C-carb-NAAF,M-oxid-NAAF,N-deam-NAAF,Q-deam-NAAF,K-hydr-NAAF,R-meth-NAAF,% C w/ carb. NAAF,% M w/ oxid. NAAF,% N w/ deam. NAAF,% Q w/ deam. NAAF,% K w/ hydr. NAAF,% R w/ meth. NAAF,NAAF check
sample total,4469.010808011918,3847.406969870312,672.870557676811,656.3267958978224,1651.8305907247882,532.272591201305,1281.5083627169806,421.8295311338346,0.0,1708.434087614564,5703.646458366016,577.844176135418,1762.1667178259536,3335.7293756628715,784.8694927977745,4451.524867045636,3211.986917328491,3633.1214228206345,7674.8871189590445,737.4675588028845,639.8017182656566,672.870557676811,170.6408176172108,816.965997251483,112.51497995703266,484.35910090128857,1111.9423598152093,1.0,0.29530594001733274,0.46361447471860234,0.14335501760421043,0.28351055765785194,0.24978909318172074,0.01661395009564544
