,A,C,D,E,F,G,H,I,K,L,M,N,P,Q,R,S,T,V,W,Y,c-carb,m-oxid,n-deam,q-deam,k-hydr,r-meth,Total area,Total length,% C w/ carb,% M w/ oxid,% N w/ deam,% Q w/ deam,% K w/ hydr,% R w/ meth,NAAF denom.
sample total,637,57,255,448,258,280,67,0,535,940,112,394,288,231,449,340,317,510,199,210,57,57,95,7,41,93,7082520541.9,6274,1.0,0.5089285714285714,0.24111675126903553,0.030303030303030304,0.07663551401869159,0.2071269487750557,1128868.4319254064
