,A,C,D,E,F,G,H,I,K,I,L,M,N,P,Q,R,S,T,V,W,Y,c-carb,m-oxid,n-deam,q-deam,k-hydr,p-hydr,r-meth,Total area,Total length,% C w/ carb,% M w/ oxid,% N w/ deam,% Q w/ deam,% K w/ hydr,% P w/ hydr,% R w/ meth,NAAF denom.
sample total,589,13,338,348,115,505,43,300,303,300,353,34,233,238,251,309,298,285,405,57,109,12,7,15,18,1,0,2,1265987284.7,6146,0.9230769230769231,0.20588235294117646,0.06437768240343347,0.07171314741035857,0.0033003300330033004,0.0,0.006472491909385114,205985.56535958347
