,NAAF,A-NAAF,C-NAAF,D-NAAF,E-NAAF,F-NAAF,G-NAAF,H-NAAF,I-NAAF,K-NAAF,L-NAAF,M-NAAF,N-NAAF,P-NAAF,Q-NAAF,R-NAAF,S-NAAF,T-NAAF,V-NAAF,W-NAAF,Y-NAAF,C-carb-NAAF,M-oxid-NAAF,N-deam-NAAF,Q-deam-NAAF,K-hydr-NAAF,P-hydr-NAAF,R-meth-NAAF,% C w/ carb. NAAF,% M w/ oxid. NAAF,% N w/ deam. NAAF,% Q w/ deam. NAAF,% K w/ hydr. NAAF,% P w/ hydr. NAAF,% R w/ meth. NAAF,NAAF check
sample total,178.7224128805886,354.06470759544925,2.687534771633625,214.60189986473668,207.15206656502488,12.256415289613642,229.29702141501832,6.749627555557439,256.71807777798494,163.5632497115699,198.40884655640735,40.648080222471975,88.14277231224767,135.64946130375208,159.93984117211195,207.14614253578458,155.52909485788172,116.25937464682357,318.5022698597474,45.84176092527544,12.003250917234267,2.1820310060228727,0.3897890679668941,0.6013762624582321,17.652761366943732,0.15039064259505755,0.0,0.13503098716371095,0.8119080091739685,0.009589359837747079,0.006822751845470026,0.11037125732760682,0.0009194647505491536,0.0,0.0006518633922443634,0.00048736497768360666
