,A,C,D,E,F,G,H,I,K,I,L,M,N,P,Q,R,S,T,V,W,Y,c-carb,m-oxid,n-deam,q-deam,k-hydr,p-hydr,r-meth,Total area,Total length,% C w/ carb,% M w/ oxid,% N w/ deam,% Q w/ deam,% K w/ hydr,% P w/ hydr,% R w/ meth,NAAF denom.
sample total,1265,44,749,755,281,1000,41,517,651,517,797,102,475,438,386,563,937,550,843,46,221,30,44,13,35,10,0,12,1753841566.5,13147,0.6818181818181818,0.43137254901960786,0.02736842105263158,0.09067357512953368,0.015360983102918587,0.0,0.021314387211367674,133402.41625465886
