,NAAF,A,C,D,E,F,G,H,I,K,L,M,N,P,Q,R,S,T,V,W,Y,c-carb,m-oxid,n-deam,q-deam,k-meth,r-meth,% C w/ carb.,% M w/ oxid,% N w/ deam,% Q w/ deam,% K w/ meth,% R w/ meth,NAAF check
sample total,25193.96090549724,28763.283574570592,1905.9708917192825,18240.696235118907,24960.439070448494,10627.333457739694,27098.44768991192,2559.598147032999,24848.622940854624,20327.71924780004,32659.83465172648,1421.4132457269002,15432.493009345351,16411.541982336486,9864.762467989269,9694.79549480111,18721.193490174686,18288.656309418373,25976.108761066684,1506.7963333020507,7065.956138285404,1905.9708917192825,508.9843354013334,18.905441861732733,12.720065008857704,12.922378958840092,3.1507590856602734,1.0,0.3580832927591318,0.0012250413365024232,0.0012894446318534045,0.0006357023530929872,0.00032499489930962297,0.014780747161356
