,A,C,D,E,F,G,H,I,K,L,M,N,P,Q,R,S,T,V,W,Y,c-carb,m-oxid,n-deam,q-deam,k-meth,r-meth,Total area,Total length,% C w/ carb,% M w/ oxid,% N w/ deam,% Q w/ deam,% K w/ meth,% R w/ meth,NAAF denom.
sample total,20191,3196,20103,24913,13065,22413,3942,28127,19554,33849,3195,20587,15417,10380,9153,23191,15923,20412,2675,8339,3196,1058,295,142,31,14,534793909661.2,313752,1.0,0.3311424100156495,0.014329431194443095,0.013680154142581889,0.0015853533803825304,0.001529553151972031,1704511.5558186083
