,NAAF,A-NAAF,C-NAAF,D-NAAF,E-NAAF,F-NAAF,G-NAAF,H-NAAF,K-NAAF,I-NAAF,L-NAAF,M-NAAF,N-NAAF,P-NAAF,Q-NAAF,R-NAAF,S-NAAF,T-NAAF,V-NAAF,W-NAAF,Y-NAAF,C-carb-NAAF,M-oxid-NAAF,N-deam-NAAF,Q-deam-NAAF,K-hydr-NAAF,P-hydr-NAAF,R-meth-NAAF,% C w/ carb. NAAF,% M w/ oxid. NAAF,% N w/ deam. NAAF,% Q w/ deam. NAAF,% K w/ hydr. NAAF,% P w/ hydr. NAAF,% R w/ meth. NAAF,NAAF check
sample total,695.8723986824486,1380.4822219431808,11.358843538314968,834.2280511901613,745.0820575407656,105.2555172749621,827.7804222299397,11.512020257229691,613.894983475071,892.1949090604837,731.4367834185023,178.01657250647594,448.9461168347352,436.1180692759616,500.7542785020245,835.6510929075841,727.5824255805485,465.5466117329373,1127.9653560563074,105.37536088649014,137.48899275263517,6.73742841637265,14.265083570221583,2.865884967869439,46.35907048753636,2.0077310026443866,0.0,3.1154100238966964,0.5931438701172669,0.08013345819082458,0.006383583375384046,0.09257848105904687,0.0032704795717326735,0.0,0.0037281229574616663,0.005216340289911105
