,A,C,D,E,F,G,H,I,K,L,M,N,P,Q,R,S,T,V,W,Y,c-carb,m-oxid,n-deam,q-deam,k-hydr,r-meth,Total area,Total length,% C w/ carb,% M w/ oxid,% N w/ deam,% Q w/ deam,% K w/ hydr,% R w/ meth,NAAF denom.
sample total,217,13,176,222,72,242,34,189,124,223,12,120,139,83,104,155,115,200,14,46,13,3,13,7,6,5,2947080480.0,2460,1.0,0.25,0.10833333333333334,0.08433734939759036,0.04838709677419355,0.04807692307692308,1198000.1951219512
