,NAAF,A-NAAF,C-NAAF,D-NAAF,E-NAAF,F-NAAF,G-NAAF,H-NAAF,I-NAAF,K-NAAF,L-NAAF,M-NAAF,N-NAAF,P-NAAF,Q-NAAF,R-NAAF,S-NAAF,T-NAAF,V-NAAF,W-NAAF,Y-NAAF,C-carb-NAAF,M-oxid-NAAF,N-deam-NAAF,Q-deam-NAAF,K-hydr-NAAF,P-hydr-NAAF,R-meth-NAAF,% C w/ carb. NAAF,% M w/ oxid. NAAF,% N w/ deam. NAAF,% Q w/ deam. NAAF,% K w/ hydr. NAAF,% P w/ hydr. NAAF,% R w/ meth. NAAF,NAAF check
sample total,1102.3650590838056,1005.9561249022269,55.790814882585394,234.09758483698124,439.84232354298547,149.86016758099365,376.20851450382685,21.93711846813556,0.0,329.46938438329926,1448.9203861152105,59.94777972005327,356.52672765118814,806.3661067159545,217.01487161895056,928.5063248304989,797.7503587420199,894.9587722117321,1867.5853836664419,81.50598838222557,154.3283864419114,55.790814882585394,44.68579242323333,151.92537659216202,60.84166190854803,45.191293692434236,68.39086451042151,110.25676441056694,1.0,0.7454119674141223,0.42612619141642555,0.28035710849981726,0.1371638635772586,0.08481366458835111,0.11874637949363952,0.001286280291537541
