,A,C,D,E,F,G,H,I,K,I/L,M,N,P,Q,R,S,T,V,W,Y,c-carb,m-oxid,n-deam,q-deam,k-hydr,p-hydr,r-meth,Total area,Total length,% C w/ carb,% M w/ oxid,% N w/ deam,% Q w/ deam,% K w/ hydr,% P w/ hydr,% R w/ meth,NAAF denom.
sample total,580,89,491,783,333,336,97,0,902,1122,245,600,633,236,548,394,439,709,158,220,89,129,190,21,89,223,161,4628483071.0,7953,1.0,0.5265306122448979,0.31666666666666665,0.08898305084745763,0.09866962305986696,0.24722838137472283,0.2937956204379562,581979.5135169119
