,A,C,D,E,F,G,H,I,K,I/L,M,N,P,Q,R,S,T,V,W,Y,c-carb,m-oxid,n-deam,q-deam,k-hydr,p-hydr,r-meth,Total area,Total length,% C w/ carb,% M w/ oxid,% N w/ deam,% Q w/ deam,% K w/ hydr,% P w/ hydr,% R w/ meth,NAAF denom.
sample total,894,174,830,1309,407,628,184,0,1349,1575,387,925,919,372,821,527,615,976,276,255,174,167,307,28,123,378,296,5700980714.7,11717,1.0,0.4315245478036176,0.3318918918918919,0.07526881720430108,0.09117865085248332,0.28020756115641215,0.36053593179049936,486556.3467355125
