,A,C,D,E,F,G,H,I,K,L,M,N,P,Q,R,S,T,V,W,Y,c-carb,m-oxid,n-deam,q-deam,k-hydr,p-hydr,k-meth,r-meth,% C w/ carb.,% M w/ oxid,% N w/ deam,% Q w/ deam,% K w/ hydr,% P w/ hydr,% K w/ meth,% R w/ meth
sample total,1102,231,651,1071,266,546,234,0,1434,838,505,854,1051,455,881,644,758,832,258,248,231,250,218,24,221,407,258,302,1.0,0.49504950495049505,0.25526932084309134,0.05274725274725275,0.15411436541143655,0.3872502378686965,0.1799163179916318,0.3427922814982974
