,A,C,D,E,F,G,H,I,K,I/L,M,N,P,Q,R,S,T,V,W,Y,c-carb,m-oxid,n-deam,q-deam,k-hydr,p-hydr,r-meth,Total area,Total length,% C w/ carb,% M w/ oxid,% N w/ deam,% Q w/ deam,% K w/ hydr,% P w/ hydr,% R w/ meth,NAAF denom.
sample total,193,18,92,131,70,91,24,0,183,295,49,125,150,88,192,137,114,218,54,88,18,28,39,7,31,57,53,3229073164.0,2037,1.0,0.5714285714285714,0.312,0.07954545454545454,0.16939890710382513,0.3114754098360656,0.2760416666666667,1585210.1934216986
