,A,C,D,E,F,G,H,I,K,I/L,M,N,P,Q,R,S,T,V,W,Y,c-carb,m-oxid,n-deam,q-deam,k-iron,k-meth,r-meth,Total area,Total length,% C w/ carb,% M w/ oxid,% N w/ deam,% Q w/ deam,% K w/ iron,% K w/ meth,% R w/ meth,NAAF denom.
sample total,616,56,250,444,248,263,66,0,592,882,116,382,381,201,461,344,338,504,200,208,56,59,100,11,0,47,92,7046663511.900001,6043,1.0,0.5086206896551724,0.2617801047120419,0.05472636815920398,0.0,0.07939189189189189,0.19956616052060738,1166086.9620883667
