,A,C,D,E,F,G,H,I,K,I/L,M,N,P,Q,R,S,T,V,W,Y,c-carb,m-oxid,n-deam,q-deam,k-hydr,p-hydr,r-meth,Total area,Total length,% C w/ carb,% M w/ oxid,% N w/ deam,% Q w/ deam,% K w/ hydr,% P w/ hydr,% R w/ meth,NAAF denom.
sample total,5491,1881,5153,5959,2792,4386,2693,0,10971,7321,5764,6246,9316,2577,6023,3857,4899,6236,2271,2349,1881,2362,1457,68,1823,3721,2960,18064132832.9,74378,1.0,0.40978487161693267,0.23326929234710214,0.026387272021730693,0.16616534500045574,0.3391668945401513,0.49144944379877137,242869.30050418136
