,A,C,D,E,F,G,H,I,K,L,M,N,P,Q,R,S,T,V,W,Y,c-carb,m-oxid,n-deam,q-deam,k-hydr,p-hydr,k-meth,r-meth,% C w/ carb.,% M w/ oxid,% N w/ deam,% Q w/ deam,% K w/ hydr,% P w/ hydr,% K w/ meth,% R w/ meth
sample total,5491,1881,5153,5959,2792,4386,2693,0,10971,7321,5764,6246,9316,2577,6023,3857,4899,6236,2271,2349,1881,2362,1457,68,1823,3721,1783,2960,1.0,0.40978487161693267,0.23326929234710214,0.026387272021730693,0.16616534500045574,0.3994203520824388,0.1625193692461945,0.49144944379877137
