,A,C,D,E,F,G,H,I,K,I/L,M,N,P,Q,R,S,T,V,W,Y,c-carb,m-oxid,n-deam,q-deam,k-hydr,p-hydr,r-meth,Total area,Total length,% C w/ carb,% M w/ oxid,% N w/ deam,% Q w/ deam,% K w/ hydr,% P w/ hydr,% R w/ meth,NAAF denom.
sample total,351,23,213,465,86,146,14,0,339,343,73,255,231,129,262,179,218,273,56,54,23,38,75,15,29,80,73,1512721690.0,3394,1.0,0.5205479452054794,0.29411764705882354,0.11627906976744186,0.0855457227138643,0.2359882005899705,0.2786259541984733,445704.6817913966
