,A,C,D,E,F,G,H,I,K,I/L,M,N,P,Q,R,S,T,V,W,Y,c-carb,m-oxid,n-deam,q-deam,k-hydr,p-hydr,r-meth,Total area,Total length,% C w/ carb,% M w/ oxid,% N w/ deam,% Q w/ deam,% K w/ hydr,% P w/ hydr,% R w/ meth,NAAF denom.
sample total,4262,1332,3400,4505,2686,2827,2200,0,9404,6117,4897,4900,7158,2102,5043,3022,3676,5155,1900,2166,1332,1806,1065,61,1539,2771,2434,15273425928.33,60575,1.0,0.3687972227894629,0.2173469387755102,0.029019980970504282,0.16365376435559337,0.29466184602296897,0.4826492167360698,252140.7499517953
