,NAAF,A-NAAF,C-NAAF,D-NAAF,E-NAAF,F-NAAF,G-NAAF,H-NAAF,I-NAAF,K-NAAF,L-NAAF,M-NAAF,N-NAAF,P-NAAF,Q-NAAF,R-NAAF,S-NAAF,T-NAAF,V-NAAF,W-NAAF,Y-NAAF,C-carb-NAAF,M-oxid-NAAF,N-deam-NAAF,Q-deam-NAAF,K-hydr-NAAF,P-hydr-NAAF,R-meth-NAAF,% C w/ carb. NAAF,% M w/ oxid. NAAF,% N w/ deam. NAAF,% Q w/ deam. NAAF,% K w/ hydr. NAAF,% P w/ hydr. NAAF,% R w/ meth. NAAF,NAAF check
sample total,5587.279526293907,5345.440129499926,473.34701957960993,1669.2965454635032,2564.015382427352,1083.4823563890882,1842.1424375878514,364.1922525818512,0.0,3014.010158280154,6152.713619903953,791.8290546215579,2571.7804408719776,4800.974444367753,1210.707982392671,5161.928328954691,3452.3232706776726,3476.435052518059,8122.079964918035,842.9450081525915,822.9574259498579,473.34701957960993,419.37872849623955,1134.5963008458755,181.65232232791763,435.8845753630204,877.2842930052288,1589.3399434766325,1.0,0.5296329126198519,0.4411715256925991,0.15003809751788852,0.14461947786259077,0.18273046506931775,0.30789655380559683,0.018511178189442517
