,A,C,D,E,F,G,H,I,K,L,M,N,P,Q,R,S,T,V,W,Y,c-carb,m-oxid,n-deam,q-deam,k-hydr,r-meth,Total area,Total length,% C w/ carb,% M w/ oxid,% N w/ deam,% Q w/ deam,% K w/ hydr,% R w/ meth,NAAF denom.
sample total,1120,240,659,1097,289,542,242,0,1236,1052,500,895,694,475,931,658,766,842,244,259,240,238,230,19,225,325,1965748955.26,11610,1.0,0.476,0.2569832402234637,0.04,0.1820388349514563,0.34908700322234154,169315.1554918174
