,NAAF,A-NAAF,C-NAAF,D-NAAF,E-NAAF,F-NAAF,G-NAAF,H-NAAF,I-NAAF,K-NAAF,L-NAAF,M-NAAF,N-NAAF,P-NAAF,Q-NAAF,R-NAAF,S-NAAF,T-NAAF,V-NAAF,W-NAAF,Y-NAAF,C-carb-NAAF,M-oxid-NAAF,N-deam-NAAF,Q-deam-NAAF,K-hydr-NAAF,R-meth-NAAF,% C w/ carb. NAAF,% M w/ oxid. NAAF,% N w/ deam. NAAF,% Q w/ deam. NAAF,% K w/ hydr. NAAF,% R w/ meth. NAAF,NAAF check
sample total,1455.090524301634,1281.4675836577549,81.10019922899883,246.59975449458244,766.7259374802636,212.76757281026323,369.096462562381,46.26200434956371,0.0,504.926046495284,1168.8602367957776,163.7756090417124,406.1692584323532,1218.584791797744,177.10891212929988,1210.2411058784764,896.288330019897,1011.1084069291782,2498.162466890536,74.2725235495432,284.3443878819254,81.10019922899883,78.89781008662374,174.00248005768128,17.918273816921626,70.74904306634836,669.0616500509234,1.0,0.48174334718260187,0.42839894070087803,0.10117093262839442,0.14011763417122344,0.5528333542804864,0.008593976836116044
