,NAAF,A-NAAF,C-NAAF,D-NAAF,E-NAAF,F-NAAF,G-NAAF,H-NAAF,I-NAAF,K-NAAF,L-NAAF,M-NAAF,N-NAAF,P-NAAF,Q-NAAF,R-NAAF,S-NAAF,T-NAAF,V-NAAF,W-NAAF,Y-NAAF,C-carb-NAAF,M-oxid-NAAF,N-deam-NAAF,Q-deam-NAAF,K-hydr-NAAF,R-meth-NAAF,% C w/ carb. NAAF,% M w/ oxid. NAAF,% N w/ deam. NAAF,% Q w/ deam. NAAF,% K w/ hydr. NAAF,% R w/ meth. NAAF,NAAF check
sample total,436.1331550834243,385.41524899123704,10.808878640868526,48.15025268671265,242.33170609467018,64.27432823381734,105.49102825343017,2.58827477467786,0.0,103.92594174896647,342.5821274604224,12.573473367568539,71.98025157147575,396.8211326360416,38.48701828755611,377.05583443281216,290.7954176484381,324.4296241296584,844.5426619431452,10.627777228753775,83.06410691622969,10.808878640868526,6.753353381549469,33.24702274401151,5.7063723554316566,6.8270739007523655,224.34897066609358,1.0,0.5371112010280922,0.4618908939349498,0.14826745768654884,0.06569172033334267,0.5950019869167956,0.0009894615977817812
