,A,C,D,E,F,G,H,I,K,L,M,N,P,Q,R,S,T,V,W,Y,c-carb,m-oxid,n-deam,q-deam,k-hydr,r-meth,Total area,Total length,% C w/ carb,% M w/ oxid,% N w/ deam,% Q w/ deam,% K w/ hydr,% R w/ meth,NAAF denom.
sample total,197,20,89,137,70,95,21,0,151,322,48,118,95,90,196,143,109,191,56,85,20,28,39,6,24,51,2933053094.0,2078,1.0,0.5833333333333334,0.3305084745762712,0.06666666666666667,0.15894039735099338,0.2602040816326531,1411478.8710298364
