,A,C,D,E,F,G,H,I,K,L,M,N,P,Q,R,S,T,V,W,Y,c-carb,m-oxid,n-deam,q-deam,k-hydr,r-meth,Total area,Total length,% C w/ carb,% M w/ oxid,% N w/ deam,% Q w/ deam,% K w/ hydr,% R w/ meth,NAAF denom.
sample total,1007,235,539,698,474,539,438,0,1552,1481,667,829,789,477,1334,673,830,1042,375,505,235,260,155,15,372,563,4006242148.92,12736,1.0,0.38980509745127434,0.18697225572979492,0.031446540880503145,0.23969072164948454,0.42203898050974514,314560.47023555276
