,NAAF,A-NAAF,C-NAAF,D-NAAF,E-NAAF,F-NAAF,G-NAAF,H-NAAF,I-NAAF,K-NAAF,L-NAAF,M-NAAF,N-NAAF,P-NAAF,Q-NAAF,R-NAAF,S-NAAF,T-NAAF,V-NAAF,W-NAAF,Y-NAAF,C-carb-NAAF,M-oxid-NAAF,N-deam-NAAF,Q-deam-NAAF,K-hydr-NAAF,R-meth-NAAF,% C w/ carb. NAAF,% M w/ oxid. NAAF,% N w/ deam. NAAF,% Q w/ deam. NAAF,% K w/ hydr. NAAF,% R w/ meth. NAAF,NAAF check
sample total,259.7437501450396,290.61533263125,12.07515319911785,15.923436031365092,85.04712457441269,8.721282747854875,34.70953867526634,0.3265736179934691,0.0,15.231374059083505,258.09417781157475,1.1870913893154396,65.82544950641898,211.3725394707731,33.767751915704395,277.1144134173688,262.2595508550802,213.8162712301804,559.8011008500582,10.385418093683679,8.371812384239774,12.07515319911785,0.6369651269575392,42.89018158333933,7.567012677609434,6.346689570031894,151.63294705138364,1.0,0.5365763181256483,0.6515744579785495,0.22408991562420943,0.41668529348781447,0.5471853491178951,0.00018402239788550847
