,NAAF,A-NAAF,C-NAAF,D-NAAF,E-NAAF,F-NAAF,G-NAAF,H-NAAF,I-NAAF,K-NAAF,L-NAAF,M-NAAF,N-NAAF,P-NAAF,Q-NAAF,R-NAAF,S-NAAF,T-NAAF,V-NAAF,W-NAAF,Y-NAAF,C-carb-NAAF,M-oxid-NAAF,N-deam-NAAF,Q-deam-NAAF,K-hydr-NAAF,R-meth-NAAF,% C w/ carb. NAAF,% M w/ oxid. NAAF,% N w/ deam. NAAF,% Q w/ deam. NAAF,% K w/ hydr. NAAF,% R w/ meth. NAAF,NAAF check
sample total,1631.7239216203711,1533.6385297071515,80.0648687038501,144.9391376290188,498.09986218750214,83.97969601505534,262.10129808487295,46.82668518465309,0.0,213.58154969819893,1711.8296102484212,157.8665290976642,466.7769632146441,1333.8504183395203,219.25153833766473,1903.740514284528,1366.3870214297783,1456.9582050486683,3160.5228621075626,112.90314141644198,86.49252387751712,80.0648687038501,106.0412469493545,236.63867578142447,34.57972957299809,74.01764686273077,1072.548537568486,1.0,0.6717145651802608,0.5069630560851133,0.15771715827025382,0.3465544985853005,0.5633900888911721,0.005187313969858212
