,NAAF,A-NAAF,C-NAAF,D-NAAF,E-NAAF,F-NAAF,G-NAAF,H-NAAF,I-NAAF,K-NAAF,L-NAAF,M-NAAF,N-NAAF,P-NAAF,Q-NAAF,R-NAAF,S-NAAF,T-NAAF,V-NAAF,W-NAAF,Y-NAAF,C-carb-NAAF,M-oxid-NAAF,N-deam-NAAF,Q-deam-NAAF,K-hydr-NAAF,R-meth-NAAF,AA-NAAF,Cys. w/ carb.,Met. w/ oxid.,Asn. w/ deam.,Gln. w/ deam.,Lys. w/ hydr.,Arg. w/ meth.,Overall modified
243,506.47187201364875,660.566762924923,14.050444846776122,186.51489752686837,246.45863091390527,14.493234604744295,176.81136874057637,5.869838562857438,172.38512683257275,51.06937697135987,568.8411178314834,6.999552087569292,140.34195277991265,411.6228064475881,142.64842453817658,527.6061066662309,510.7846913285548,391.86571163967847,979.0256563390808,21.478501455101174,14.183058326754011,14.050444846776122,1.3723416672586266,42.936147855159355,7.742006651655517,6.346689570031893,151.79464868751643,5467.8595406431095,1.0,0.19606135508239278,0.3059395070730758,0.05427334144572726,0.12427583703617863,0.28770449539838877,0.05842494700014337
