,NAAF,A-NAAF,C-NAAF,D-NAAF,E-NAAF,F-NAAF,G-NAAF,H-NAAF,I-NAAF,K-NAAF,L-NAAF,M-NAAF,N-NAAF,P-NAAF,Q-NAAF,R-NAAF,S-NAAF,T-NAAF,V-NAAF,W-NAAF,Y-NAAF,C-carb-NAAF,M-oxid-NAAF,N-deam-NAAF,Q-deam-NAAF,K-hydr-NAAF,R-meth-NAAF,Cys. w/ carb.,Met. w/ oxid.,Asn. w/ deam.,Gln. w/ deam.,Lys. w/ hydr.,Arg. w/ meth.,Total modified
233,1985.1586724891574,2618.7451901032628,100.6982584831412,961.5083744748345,1264.3376653213004,230.5648047562256,1245.119420704755,56.4439108771477,1055.8741973564145,590.5029145807252,2529.0575255744398,52.12586130521463,715.5682615399519,1525.0655642780707,705.811045639163,1664.2538985381316,1635.3849493023667,1403.3155699100107,3181.6502094435577,207.32047229230176,201.92565301443096,100.6982584831412,8.553416375582135,125.61753472265836,29.451306881467687,35.80092793845199,70.86682506833208,1.0,0.164091607532372,0.17554933816142268,0.041726899945009215,0.06062785983685063,0.04258173895856935,0.2969154888868447
