,NAAF,A-NAAF,C-NAAF,D-NAAF,E-NAAF,F-NAAF,G-NAAF,H-NAAF,I-NAAF,K-NAAF,L-NAAF,M-NAAF,N-NAAF,P-NAAF,Q-NAAF,R-NAAF,S-NAAF,T-NAAF,V-NAAF,W-NAAF,Y-NAAF,C-carb-NAAF,M-oxid-NAAF,N-deam-NAAF,Q-deam-NAAF,K-hydr-NAAF,R-meth-NAAF,Cys. w/ carb.,Met. w/ oxid.,Asn. w/ deam.,Gln. w/ deam.,Lys. w/ hydr.,Arg. w/ meth.,Total modified
378,565.4645591997945,526.937966213155,11.05740484148701,118.04945012543418,323.52859450939474,69.20846950599922,227.9605055329962,3.690204664294566,68.99707439547922,152.1924012912154,477.23865158481726,14.219293853802931,139.50758526431068,539.1060753922484,83.03422433950759,478.1829630234582,388.6059370966998,413.47502000358116,1065.5259711038264,12.907710378527337,86.17737255919255,11.05740484148701,6.808555649064266,33.24702274401151,5.937657768230876,6.8270739007523655,225.37496790255764,1.0,0.478825159608283,0.23831695374141695,0.07150855945800345,0.04485817848217648,0.47131534439779155,0.4609648391375343
