,NAAF,A-NAAF,C-NAAF,D-NAAF,E-NAAF,F-NAAF,G-NAAF,H-NAAF,I-NAAF,K-NAAF,L-NAAF,M-NAAF,N-NAAF,P-NAAF,Q-NAAF,R-NAAF,S-NAAF,T-NAAF,V-NAAF,W-NAAF,Y-NAAF,C-carb-NAAF,M-oxid-NAAF,N-deam-NAAF,Q-deam-NAAF,K-hydr-NAAF,R-meth-NAAF,Cys. w/ carb.,Met. w/ oxid.,Asn. w/ deam.,Gln. w/ deam.,Lys. w/ hydr.,Arg. w/ meth.,Total modified
231,2794.464746609311,3508.193338103542,93.18670567766492,1591.9216108213259,1825.1530299655,466.47737333395713,1918.1652287762756,62.720218577792096,1284.1770151430399,952.3104198570081,3513.805449865511,158.22992349946423,1207.026959957031,1815.2161785252356,916.0937114921451,2262.8847572081577,2265.8722785551695,1952.8017789029368,3939.4891406344004,174.4260125074604,445.14983134402644,93.18670567766492,118.89942552980408,141.28211299179677,62.21377334272064,44.80613146795794,118.25930379806923,1.0,0.7514345131450858,0.11704967467903639,0.0679120187839583,0.04704992251863179,0.05226041822119659,0.4071413094695818
