,NAAF,A-NAAF,C-NAAF,D-NAAF,E-NAAF,F-NAAF,G-NAAF,H-NAAF,I-NAAF,K-NAAF,L-NAAF,M-NAAF,N-NAAF,P-NAAF,Q-NAAF,R-NAAF,S-NAAF,T-NAAF,V-NAAF,W-NAAF,Y-NAAF,C-carb-NAAF,M-oxid-NAAF,N-deam-NAAF,Q-deam-NAAF,K-hydr-NAAF,R-meth-NAAF,Cys. w/ carb.,Met. w/ oxid.,Asn. w/ deam.,Gln. w/ deam.,Lys. w/ hydr.,Arg. w/ meth.,Total modified
273,1290.9149659062102,1472.032900214423,83.90502032890302,571.404650263034,874.84804302829,222.38516943419043,659.1265711388442,60.43943039544821,240.47614044561595,519.0731512149138,1567.0850357027605,140.89176732879815,649.9343647169609,866.3602908195717,368.41002668466024,1005.0205814754382,795.0278072979179,727.8042076788009,1519.2273176935432,88.39611277735855,119.63759794738982,83.90502032890302,107.23720127522705,204.0626279180315,49.48695704383994,67.69901745511042,300.9329350856287,1.0,0.7611317773093749,0.31397420877552534,0.13432576059119639,0.1304228841284853,0.29942962426086717,0.5278568510130898
