,NAAF,A-NAAF,C-NAAF,D-NAAF,E-NAAF,F-NAAF,G-NAAF,H-NAAF,I-NAAF,K-NAAF,L-NAAF,M-NAAF,N-NAAF,P-NAAF,Q-NAAF,R-NAAF,S-NAAF,T-NAAF,V-NAAF,W-NAAF,Y-NAAF,C-carb-NAAF,M-oxid-NAAF,N-deam-NAAF,Q-deam-NAAF,K-hydr-NAAF,R-meth-NAAF,Cys. w/ carb.,Met. w/ oxid.,Asn. w/ deam.,Gln. w/ deam.,Lys. w/ hydr.,Arg. w/ meth.,Total modified
243,508.4073526655625,662.1416691007124,14.050444846776122,189.75136489353457,248.53899394191927,14.495422104644044,181.33698934728557,5.883502912539543,173.6957352010724,51.51616261134386,571.9286465001287,7.099688796787298,141.10316777132408,414.5622973465271,147.1250317249415,531.347644056407,512.6539520416547,393.323682153759,985.5139675819405,21.545873101003572,14.144105647603485,14.050444846776122,1.3358481797708945,42.90589194271268,7.656641778515968,6.346689570031893,151.79299528458145,1.0,0.18815587809642914,0.3040746187374561,0.05204173408662701,0.12319802656718752,0.28567548380522667,0.3906291482585853
