,NAAF,A-NAAF,C-NAAF,D-NAAF,E-NAAF,F-NAAF,G-NAAF,H-NAAF,I-NAAF,K-NAAF,L-NAAF,M-NAAF,N-NAAF,P-NAAF,Q-NAAF,R-NAAF,S-NAAF,T-NAAF,V-NAAF,W-NAAF,Y-NAAF,C-carb-NAAF,M-oxid-NAAF,N-deam-NAAF,Q-deam-NAAF,K-hydr-NAAF,R-meth-NAAF,AA-NAAF,Cys. w/ carb.,Met. w/ oxid.,Asn. w/ deam.,Gln. w/ deam.,Lys. w/ hydr.,Arg. w/ meth.,Overall modified
278,1973.0787773508346,1668.5959738186739,184.52078544110216,880.5276696539056,1564.5872029516952,345.05083781659334,991.6728723882869,175.9917892742193,397.7605069018447,1116.828468787587,2326.2611816695435,269.5060280951543,980.748326447608,1095.46977224837,441.12701671259964,1239.9709985730733,932.4823005147485,884.1218073497373,1656.9665803467449,305.94524390962584,220.28859620775327,184.52078544110216,179.46764161045652,290.6476040309026,26.31706747957984,194.15994428032553,374.14283494329976,18927.67983689454,1.0,0.66591327429267,0.2963528931868426,0.05965870709008461,0.17384938663956406,0.30173514975257787,0.6906120243689102
