,NAAF,A-NAAF,C-NAAF,D-NAAF,E-NAAF,F-NAAF,G-NAAF,H-NAAF,I-NAAF,K-NAAF,L-NAAF,M-NAAF,N-NAAF,P-NAAF,Q-NAAF,R-NAAF,S-NAAF,T-NAAF,V-NAAF,W-NAAF,Y-NAAF,C-carb-NAAF,M-oxid-NAAF,N-deam-NAAF,Q-deam-NAAF,K-hydr-NAAF,R-meth-NAAF,Cys. w/ carb.,Met. w/ oxid.,Asn. w/ deam.,Gln. w/ deam.,Lys. w/ hydr.,Arg. w/ meth.,Total modified
278,1961.5548320947862,1659.680288627409,184.52078544110216,881.0105097088962,1541.1722249593145,344.4760993066751,970.647311334856,163.0938722987902,400.99345744133336,1104.1537303344774,2316.922305736298,269.5776919138214,967.2626766264311,1086.3491073365524,445.94251795649006,1229.8012509093776,933.485405067749,860.1631710244213,1637.0904313522308,306.66536070874685,207.5844701457358,184.52078544110216,179.46764161045652,276.5336880776116,25.61470514886226,180.84289530535793,359.4815056430558,1.0,0.6657362496739112,0.2858930616883632,0.05743947732600247,0.16378416368758347,0.29230861928074714,0.4930323143313215
