,NAAF,A-NAAF,C-NAAF,D-NAAF,E-NAAF,F-NAAF,G-NAAF,H-NAAF,I-NAAF,K-NAAF,L-NAAF,M-NAAF,N-NAAF,P-NAAF,Q-NAAF,R-NAAF,S-NAAF,T-NAAF,V-NAAF,W-NAAF,Y-NAAF,C-carb-NAAF,M-oxid-NAAF,N-deam-NAAF,Q-deam-NAAF,K-hydr-NAAF,R-meth-NAAF,AA-NAAF,Cys. w/ carb.,Met. w/ oxid.,Asn. w/ deam.,Gln. w/ deam.,Lys. w/ hydr.,Arg. w/ meth.,Overall modified
231,2789.546547588954,3503.2306014060705,96.20653055115402,1583.0070137683524,1817.9180862643498,467.3354830400807,1900.1699739750275,62.42798749731953,1278.2132048139642,951.5974991885769,3508.2524509778477,160.08997567440878,1202.7433096009818,1807.650924589699,900.1471491118489,2251.1111170677004,2254.3620897979354,1952.9694289337153,3918.239065149748,174.74481077929687,444.14795141046835,96.20653055115402,120.91233798610176,141.28211299179677,62.358838607937976,44.86500480919011,118.25930379806923,30818.4487823428,1.0,0.7552773837133528,0.11746655488665163,0.06927627185118097,0.04714703942312407,0.052533747846314184,0.369422131684328
