,NAAF,A-NAAF,C-NAAF,D-NAAF,E-NAAF,F-NAAF,G-NAAF,H-NAAF,I-NAAF,K-NAAF,L-NAAF,M-NAAF,N-NAAF,P-NAAF,Q-NAAF,R-NAAF,S-NAAF,T-NAAF,V-NAAF,W-NAAF,Y-NAAF,C-carb-NAAF,M-oxid-NAAF,N-deam-NAAF,Q-deam-NAAF,K-hydr-NAAF,R-meth-NAAF,AA-NAAF,Cys. w/ carb.,Met. w/ oxid.,Asn. w/ deam.,Gln. w/ deam.,Lys. w/ hydr.,Arg. w/ meth.,Overall modified
233,1980.2520746738778,2611.911045123864,101.31732716058053,954.9434602252758,1259.683904076688,230.91607796193142,1234.3080669751039,56.28872220051441,1050.8235380128713,588.2898656408684,2521.804823366461,51.966883192837,712.7546105395305,1518.1472710728453,693.71425495734,1655.5603918434076,1630.387615647941,1399.41101876808,3164.7209526073893,206.73229567143886,201.8937082895485,101.31732716058053,8.59175075597795,125.8134925636619,29.713507786563678,35.80092793845199,70.95023953622511,22217.763079075983,1.0,0.1653312692257483,0.17651726232738846,0.04283248841180424,0.06085593179384682,0.0428557241921115,0.19992287244622722
