,NAAF,A-NAAF,C-NAAF,D-NAAF,E-NAAF,F-NAAF,G-NAAF,H-NAAF,I-NAAF,K-NAAF,L-NAAF,M-NAAF,N-NAAF,P-NAAF,Q-NAAF,R-NAAF,S-NAAF,T-NAAF,V-NAAF,W-NAAF,Y-NAAF,C-carb-NAAF,M-oxid-NAAF,N-deam-NAAF,Q-deam-NAAF,K-hydr-NAAF,R-meth-NAAF,AA-NAAF,Cys. w/ carb.,Met. w/ oxid.,Asn. w/ deam.,Gln. w/ deam.,Lys. w/ hydr.,Arg. w/ meth.,Overall modified
273,1289.791564561534,1471.5968172356238,83.90502032890302,569.6824539503418,873.5888889147197,222.35932444736446,655.9062500604382,60.445449080215354,239.7005114677827,518.8892181165357,1564.9253787604553,140.89054651670523,649.3444537876594,864.1635025437108,364.869145670742,1002.8368926857564,793.8741261057332,726.9353676135001,1515.110795386707,88.46199488041174,119.61573324875943,83.90502032890302,107.23720127522705,204.07025118231218,49.49980834411916,67.72083301667558,300.9329350856287,13340.467920034933,1.0,0.7611383724919547,0.3142711853346247,0.1356645496925295,0.1305111585522796,0.30008163568821494,0.42855065171786866
