,NAAF,A-NAAF,C-NAAF,D-NAAF,E-NAAF,F-NAAF,G-NAAF,H-NAAF,I-NAAF,K-NAAF,L-NAAF,M-NAAF,N-NAAF,P-NAAF,Q-NAAF,R-NAAF,S-NAAF,T-NAAF,V-NAAF,W-NAAF,Y-NAAF,C-carb-NAAF,M-oxid-NAAF,N-deam-NAAF,Q-deam-NAAF,K-hydr-NAAF,R-meth-NAAF,AA-NAAF,Cys. w/ carb.,Met. w/ oxid.,Asn. w/ deam.,Gln. w/ deam.,Lys. w/ hydr.,Arg. w/ meth.,Overall modified
378,566.1976533479522,528.0495164895119,11.05740484148701,118.3560542341361,323.8049797170505,69.20846950599922,228.53160881383323,3.731038503929158,69.4543276654741,153.4133767960812,478.2797851085142,14.26914409337139,139.9820455112318,539.0781550494614,82.25112357327068,477.86033930872406,390.0230452683468,413.65671073818004,1065.746439042319,13.027991638664774,86.18734362525429,11.05740484148701,6.808555649064266,33.24702274401151,5.937657768230876,6.8270739007523655,225.37496790255764,5495.221582330944,1.0,0.477152350870654,0.23750919357257036,0.07218938186226126,0.0445011643921181,0.47163354930979745,0.05286132296108883
