,A,C,D,E,F,G,H,I,K,L,M,N,P,Q,R,S,T,V,W,Y,c-carb,m-oxid,n-deam,q-deam,k-hydr,r-meth,Total area,Total length,% C w/ carb,% M w/ oxid,% N w/ deam,% Q w/ deam,% K w/ hydr,% R w/ meth,NAAF denom.
sample total,397,38,307,355,105,368,61,281,215,332,18,200,203,127,156,212,203,324,14,82,38,9,15,7,4,13,2765021800.0,3911,1.0,0.5,0.075,0.05511811023622047,0.018604651162790697,0.08333333333333333,706985.8859626694
