,A,C,D,E,F,G,H,I,K,L,M,N,P,Q,R,S,T,V,W,Y,c-carb,m-oxid,n-deam,q-deam,k-hydr,r-meth,Total area,Total length,% C w/ carb,% M w/ oxid,% N w/ deam,% Q w/ deam,% K w/ hydr,% R w/ meth,NAAF denom.
sample total,214,10,159,192,60,239,31,130,94,179,17,100,127,89,151,149,103,151,18,76,10,14,1,1,0,7,1332674320.0,2267,1.0,0.8235294117647058,0.01,0.011235955056179775,0.0,0.046357615894039736,587858.1032201147
