,NAAF,A-NAAF,C-NAAF,D-NAAF,E-NAAF,F-NAAF,G-NAAF,H-NAAF,I-NAAF,K-NAAF,L-NAAF,M-NAAF,N-NAAF,P-NAAF,Q-NAAF,R-NAAF,S-NAAF,T-NAAF,V-NAAF,W-NAAF,Y-NAAF,C-carb-NAAF,M-oxid-NAAF,N-deam-NAAF,Q-deam-NAAF,K-hydr-NAAF,R-meth-NAAF,% C w/ carb. NAAF,% M w/ oxid. NAAF,% N w/ deam. NAAF,% Q w/ deam. NAAF,% K w/ hydr. NAAF,% R w/ meth. NAAF,NAAF check
sample total,12698.861515891487,7206.423437899846,1977.929735916652,5780.43206526565,6519.167339073653,2847.316115523652,5307.700617343795,2910.267226146984,0.0,10063.583941795301,13183.758484643222,6543.956205618632,7523.453627341546,6627.1816159097725,2293.7023469249275,8005.663298913747,5197.034395238535,5375.23549653446,8807.612602430343,2021.797760019414,2286.747155692509,1977.929735916652,3152.739730539114,2353.1164242486016,130.42759929523774,3681.705649066361,4244.306895902756,1.0,0.4817788554012901,0.31277077533873077,0.056863349976555004,0.365844382116771,0.5301630530075687,0.057240128898106
