,NAAF,A-NAAF,C-NAAF,D-NAAF,E-NAAF,F-NAAF,G-NAAF,H-NAAF,I-NAAF,K-NAAF,L-NAAF,M-NAAF,N-NAAF,P-NAAF,Q-NAAF,R-NAAF,S-NAAF,T-NAAF,V-NAAF,W-NAAF,Y-NAAF,C-carb-NAAF,M-oxid-NAAF,N-deam-NAAF,Q-deam-NAAF,K-hydr-NAAF,R-meth-NAAF,% C w/ carb. NAAF,% M w/ oxid. NAAF,% N w/ deam. NAAF,% Q w/ deam. NAAF,% K w/ hydr. NAAF,% R w/ meth. NAAF,NAAF check
sample total,1529.3180407548593,1082.986120399311,129.77167655432646,625.0522728222554,1109.7930163949181,280.2191576960163,592.2523882363441,125.42535863619973,0.0,957.8277003270669,1873.2279883411354,266.95895980070463,718.6464853865036,748.8589822894298,255.28913048548128,951.2603017047895,636.913839106054,621.8493925371137,1220.1262162846842,286.8351959099903,178.66977836180246,129.77167655432646,178.41691106347423,271.10885274109773,22.696390558988078,178.81291609828472,355.83716554667507,1.0,0.6683308595323771,0.3772492571160207,0.08890464907701529,0.18668588936948258,0.3740691847530753,0.0031938687868268384
