,A,C,D,E,F,G,H,I,K,L,M,N,P,Q,R,S,T,V,W,Y,c-carb,m-oxid,n-deam,q-deam,k-hydr,r-meth,Total area,Total length,% C w/ carb,% M w/ oxid,% N w/ deam,% Q w/ deam,% K w/ hydr,% R w/ meth,NAAF denom.
sample total,5564,1919,5229,6154,2787,4374,2690,0,9598,9028,5866,6483,5685,2648,6203,4019,4767,6313,2221,2361,1919,2514,1531,71,2010,2975,17857123698.9,80491,1.0,0.42857142857142855,0.23615610057072342,0.026812688821752265,0.20941862888101687,0.4796066419474448,221852.42696574776
