,A,C,D,E,F,G,H,I,K,L,M,N,P,Q,R,S,T,V,W,Y,c-carb,m-oxid,n-deam,q-deam,k-hydr,r-meth,Total area,Total length,% C w/ carb,% M w/ oxid,% N w/ deam,% Q w/ deam,% K w/ hydr,% R w/ meth,NAAF denom.
sample total,887,169,785,1286,385,557,167,0,1173,1654,368,917,484,380,776,484,570,910,264,239,169,178,304,27,111,255,5529521064.7,11548,1.0,0.483695652173913,0.33151581243184297,0.07105263157894737,0.09462915601023018,0.3286082474226804,478829.3266972636
