,A,C,D,E,F,G,H,I,K,I/L,M,N,P,Q,R,S,T,V,W,Y,c-carb,m-oxid,n-deam,q-deam,k-hydr,p-hydr,r-meth,Total area,Total length,% C w/ carb,% M w/ oxid,% N w/ deam,% Q w/ deam,% K w/ hydr,% P w/ hydr,% R w/ meth,NAAF denom.
sample total,2930,571,1496,2010,1332,1596,1007,0,4594,3566,1533,2298,3320,1217,3137,1759,2212,2622,1145,1253,571,592,442,30,656,1170,1064,9787465890.85,32602,1.0,0.3861709067188519,0.19234116623150566,0.024650780608052588,0.14279494993469743,0.2546800174140183,0.33917755817660183,300210.5972286976
