,A,C,D,E,F,G,H,I,K,I/L,M,N,P,Q,R,S,T,V,W,Y,c-carb,m-oxid,n-deam,q-deam,k-iron,k-meth,r-meth,Total area,Total length,% C w/ carb,% M w/ oxid,% N w/ deam,% Q w/ deam,% K w/ iron,% K w/ meth,% R w/ meth,NAAF denom.
sample total,941,42,454,746,350,486,81,0,836,1415,166,592,585,294,709,556,586,839,214,316,42,100,157,27,0,71,112,8121100327.0,9476,1.0,0.6024096385542169,0.2652027027027027,0.09183673469387756,0.0,0.08492822966507177,0.15796897038081806,857017.7635078093
