,A,C,D,E,F,G,H,I,K,L,M,N,P,Q,R,S,T,V,W,Y,c-carb,m-oxid,n-deam,q-deam,k-hydr,p-hydr,k-meth,r-meth,% C w/ carb.,% M w/ oxid,% N w/ deam,% Q w/ deam,% K w/ hydr,% P w/ hydr,% K w/ meth,% R w/ meth
sample total,3927,626,2010,2762,1551,2101,1048,0,5403,4784,1764,3063,3888,1537,3640,2604,2733,3486,1245,1388,626,766,621,45,733,1516,796,1047,1.0,0.4342403628117914,0.20274240940254654,0.029277813923227064,0.1356653710901351,0.389917695473251,0.147325559874144,0.2876373626373626
