,A,C,D,E,F,G,H,I,K,I/L,M,N,P,Q,R,S,T,V,W,Y,c-carb,m-oxid,n-deam,q-deam,k-iron,k-meth,r-meth,Total area,Total length,% C w/ carb,% M w/ oxid,% N w/ deam,% Q w/ deam,% K w/ iron,% K w/ meth,% R w/ meth,NAAF denom.
sample total,3927,626,2010,2762,1551,2101,1048,0,5403,4784,1764,3063,3888,1537,3640,2604,2733,3486,1245,1388,626,766,621,45,0,796,1047,12646791563.25,41900,1.0,0.4342403628117914,0.20274240940254654,0.029277813923227064,0.0,0.147325559874144,0.2876373626373626,301832.7342064439
