,A,C,D,E,F,G,H,I,K,I/L,M,N,P,Q,R,S,T,V,W,Y,c-carb,m-oxid,n-deam,q-deam,k-hydr,p-hydr,r-meth,Total area,Total length,% C w/ carb,% M w/ oxid,% N w/ deam,% Q w/ deam,% K w/ hydr,% P w/ hydr,% R w/ meth,NAAF denom.
sample total,986,232,527,683,456,521,446,0,1804,1239,656,796,1215,466,1245,656,802,1017,373,502,232,261,158,16,377,455,535,3938148242.38,11550,1.0,0.3978658536585366,0.1984924623115578,0.034334763948497854,0.208980044345898,0.2522172949002217,0.42971887550200805,340965.2157904762
