,A,C,D,E,F,G,H,I,K,L,M,N,P,Q,R,S,T,V,W,Y,c-carb,m-oxid,n-deam,q-deam,k-hydr,r-meth,Total area,Total length,% C w/ carb,% M w/ oxid,% N w/ deam,% Q w/ deam,% K w/ hydr,% R w/ meth,NAAF denom.
sample total,4422,1356,3513,4649,2699,2842,2191,0,8317,7629,4996,5186,4449,2227,5110,3161,3661,5204,1870,2122,1356,1939,1148,58,1605,2380,14997131538.33,65916,1.0,0.38811048839071255,0.22136521403779405,0.026044005388414906,0.1929782373451966,0.4657534246575342,227518.8351588385
