,A,C,D,E,F,G,H,I,K,L,M,N,P,Q,R,S,T,V,W,Y,c-carb,m-oxid,n-deam,q-deam,k-hydr,r-meth,Total area,Total length,% C w/ carb,% M w/ oxid,% N w/ deam,% Q w/ deam,% K w/ hydr,% R w/ meth,NAAF denom.
sample total,608,92,484,794,330,325,112,0,785,1200,243,579,379,248,538,396,404,662,157,216,92,131,199,23,83,140,4573608021.0,7947,1.0,0.5390946502057613,0.3436960276338515,0.09274193548387097,0.10573248407643313,0.26022304832713755,575513.7814269536
