,NAAF,A-NAAF,C-NAAF,D-NAAF,E-NAAF,F-NAAF,G-NAAF,H-NAAF,I-NAAF,K-NAAF,L-NAAF,M-NAAF,N-NAAF,P-NAAF,Q-NAAF,R-NAAF,S-NAAF,T-NAAF,V-NAAF,W-NAAF,Y-NAAF,C-carb-NAAF,M-oxid-NAAF,N-deam-NAAF,Q-deam-NAAF,K-hydr-NAAF,R-meth-NAAF,% C w/ carb. NAAF,% M w/ oxid. NAAF,% N w/ deam. NAAF,% Q w/ deam. NAAF,% K w/ hydr. NAAF,% R w/ meth. NAAF,NAAF check
sample total,1036.2245066059827,1118.4974578536107,82.7254794655903,373.44689695870557,652.5360123682437,194.83032757267387,415.54948410916666,50.39659864259872,0.0,425.1800041630596,1281.9750312829535,139.42063987083014,505.35466014321986,638.4569583135676,237.83282099102075,812.6516202964182,602.4030467483154,595.0614276358659,1170.2604604239802,82.49274522821955,111.87263676432208,82.7254794655903,106.77191822772363,202.4450212939761,48.6089541531187,64.71762752867446,300.3223340839592,1.0,0.7658257653002112,0.40059989005860214,0.20438286839709943,0.1522123027776602,0.3695585249364486,0.001800520752147133
