,NAAF,A-NAAF,C-NAAF,D-NAAF,E-NAAF,F-NAAF,G-NAAF,H-NAAF,I-NAAF,K-NAAF,L-NAAF,M-NAAF,N-NAAF,P-NAAF,Q-NAAF,R-NAAF,S-NAAF,T-NAAF,V-NAAF,W-NAAF,Y-NAAF,C-carb-NAAF,M-oxid-NAAF,N-deam-NAAF,Q-deam-NAAF,K-hydr-NAAF,R-meth-NAAF,% C w/ carb. NAAF,% M w/ oxid. NAAF,% N w/ deam. NAAF,% Q w/ deam. NAAF,% K w/ hydr. NAAF,% R w/ meth. NAAF,NAAF check
sample total,10470.51346537545,7972.133459323055,1101.94401630903,3277.0647103318115,4559.730698066837,2260.6520298205396,3302.7759414746793,1997.843112703752,0.0,7636.358816258174,9707.144363171843,5509.444356735211,5312.823082346303,6035.235672041401,2489.477241776874,7861.338999795289,3908.487720689182,4105.265117771473,8083.741895460404,1503.2171264605206,1599.1133955711152,1101.94401630903,2858.9525915053023,1662.2792811313202,166.5584008079619,2217.433796026492,4094.6386702453497,1.0,0.5189184981985119,0.31288060139906027,0.06690497025354616,0.29037841848204793,0.5208576643688785,0.046020424893869566
