,A,C,D,E,F,G,H,I,K,L,M,N,P,Q,R,S,T,V,W,Y,c-carb,m-oxid,n-deam,q-deam,k-iron,k-meth,r-meth,Total area,Total length,% C w/ carb,% M w/ oxid,% N w/ deam,% Q w/ deam,% K w/ iron,% K w/ meth,% R w/ meth,NAAF denom.
sample total,13729,1797,10659,15672,6630,14455,3133,15727,210,19415,1915,10213,8686,5972,12762,12610,10141,12547,1404,4607,1797,754,227,170,156,54,38,400011096288.32,179367,1.0,0.393733681462141,0.022226573974346422,0.028466175485599463,0.7428571428571429,0.2571428571428571,0.0029775897194797055,2230126.479722134
