,NAAF,A,C,D,E,F,G,H,I,K,L,M,N,P,Q,R,S,T,V,W,Y,c-carb,m-oxid,n-deam,q-deam,k-iron,k-meth,r-meth,% C w/ carb.,% M w/ oxid,% N w/ deam,% Q w/ deam,% K w/ iron,% K w/ meth,% R w/ meth,NAAF check
sample total,9111.11202041721,11786.054745868003,632.2054563620986,6152.665440221718,7638.7087578718365,3074.4627318571247,10938.22876317453,636.8491849968386,9566.948082207375,7247.626611984836,11113.992955593272,478.0667575329859,4351.444311502573,5864.494246480338,3321.811372649622,3537.362012266426,5930.855068983845,6319.678344179274,9269.896310342065,447.9991346051461,2305.1534576911135,632.2054563620986,156.56397390778932,116.23290316715546,52.4456231650909,4.07771354878242,173.9172710682394,18.35797661564723,1.0,0.3274939565254893,0.02671133877547423,0.01578826046442787,0.0005626274319981416,0.023996444681717726,0.005189736462365942,0.0024695108256042133
