,NAAF,A,C,D,E,F,G,H,I,K,L,M,N,P,Q,R,S,T,V,W,Y,c-carb,m-oxid,n-deam,q-deam,k-iron,k-meth,r-meth,% C w/ carb,% M w/ oxid,% N w/ deam,% Q w/ deam,% K w/ iron,% K w/ meth,% R w/ meth,NAAF check
sample total,18718.27277155377,26285.596527664424,828.7501802826738,13358.860139125176,15121.428049133323,4997.538315275602,25679.44550403943,934.172178261949,21313.838857896757,16322.132635217298,22559.70572587549,575.6240532816221,7536.667981846003,13087.626231243994,6342.815987086155,5705.980699256404,12574.404492023976,13813.821138112879,18894.58188536978,655.4491975137867,4050.1411605224803,828.7501802826738,184.79819977788827,178.2582635196902,93.78909116539427,2.3040127249904323,196.78877269834572,13.167995197986189,1.0,0.3210397458625246,0.023652131677960462,0.014786664370580349,0.00014115880421282698,0.012056560076821472,0.0023077531965192636,0.0028415145898450455
