,NAAF,A,C,D,E,F,G,H,I,K,L,M,N,P,Q,R,S,T,V,W,Y,c-carb,m-oxid,n-deam,q-deam,k-iron,k-meth,r-meth,% C w/ carb.,% M w/ oxid,% N w/ deam,% Q w/ deam,% K w/ iron,% K w/ meth,% R w/ meth,NAAF check
sample total,26793.898030093387,30369.633138288344,1997.8165125042367,19207.52089355329,26331.42086753521,11229.771336957374,28461.677124975493,2679.8467661278364,26178.306695862582,21938.26022976947,34491.361055368245,1549.7818581856632,16333.702044121146,17498.986394170086,10638.024696832006,10264.579775728038,19966.12396783658,19229.577524236942,27447.485184132554,1592.992597368028,7461.306018487525,1997.8165125042367,553.2941707774697,0.0,0.0,0.0,0.0,0.0,1.0,0.35701422613451794,0.0,0.0,0.0,0.0,0.0,0.007262321119219553
