,NAAF,A,C,D,E,F,G,H,I,K,L,M,N,P,Q,R,S,T,V,W,Y,c-carb,m-oxid,n-deam,q-deam,k-iron,k-meth,r-meth,% C w/ carb,% M w/ oxid,% N w/ deam,% Q w/ deam,% K w/ iron,% K w/ meth,% R w/ meth,NAAF check
sample total,15485.013448284864,17548.20848081161,1863.2597411944193,9474.28919558633,15039.565027716015,6642.222112580328,13128.99769254119,1949.5431473183219,15551.732779929353,86.2030591316158,19017.89160227263,715.2219962247065,10348.313308654211,8165.699081797578,5363.550830682888,15376.743820547312,9828.596241654368,11453.167584925448,14415.663010383207,1012.5675461477978,5551.5286025907035,1863.2597411944193,326.25777342201366,63.4929505611338,21.399557278571052,51.725137150840524,34.477921980775285,16.83985732237741,1.0,0.4561629468111477,0.00613558448293551,0.003989811592005824,0.600038301098642,0.3999616989013581,0.0010951510618181072,0.00694355989225939
