,A,C,D,E,F,G,H,I,K,L,M,N,P,Q,R,S,T,V,W,Y,c-carb,m-oxid,n-deam,q-deam,k-iron,k-meth,r-meth,Total area,Total length,% C w/ carb.,% M w/ oxid,% N w/ deam,% Q w/ deam,% K w/ iron,% K w/ meth,% R w/ meth,NAAF denom.
sample total,8940,1009,6658,8082,4028,9632,1485,9081,5945,12030,1546,5118,5255,3881,4061,6600,6059,8332,786,2817,1009,512,251,173,28,194,80,402421950125.79,109074,1.0,0.3311772315653299,0.04904259476357952,0.044576140170059265,0.004709840201850294,0.03263246425567704,0.019699581383895593,3689439.7393126683
