,NAAF,A,C,D,E,F,G,H,I,K,L,M,N,P,Q,R,S,T,V,W,Y,c-carb,m-oxid,n-deam,q-deam,k-iron,k-meth,r-meth,% C w/ carb,% M w/ oxid,% N w/ deam,% Q w/ deam,% K w/ iron,% K w/ meth,% R w/ meth,NAAF check
sample total,8570.35107607146,8694.790065574103,1022.7508137326581,5454.816903916896,7752.501070282826,3851.0678961635085,7346.777170906558,1061.2076731417887,8405.430730009677,111.24405516842087,10104.542301414323,497.7333296309115,5359.788909616367,4961.787492756941,3193.269872816577,8691.040134212817,6012.9606139401985,5963.303675131771,7522.655186729236,646.5239547091028,2928.8702359153253,1022.7508137326581,205.31461862713678,77.69588006029711,31.38090799349841,65.59446667623064,45.6495884921902,21.0715862359313,1.0,0.41249923684914874,0.014496070903258442,0.009827201972697453,0.5896446922662264,0.41035530773377327,0.0024245183442407193,0.0056452634596943115
