,A,C,D,E,F,G,H,I,K,L,M,N,P,Q,R,S,T,V,W,Y,c-carb,m-oxid,n-deam,q-deam,k-iron,k-meth,r-meth,Total area,Total length,% C w/ carb,% M w/ oxid,% N w/ deam,% Q w/ deam,% K w/ iron,% K w/ meth,% R w/ meth,NAAF denom.
sample total,21176,3236,21105,26269,13723,23458,4072,29684,20705,35656,3588,21729,16240,10989,9724,24469,16768,21252,2825,8774,3236,1223,0,0,0,0,0,545177955177.35,332309,1.0,0.34085841694537344,0.0,0.0,0.0,0.0,0.0,1640575.3535936433
