,A,C,D,E,F,G,H,I,K,L,M,N,P,Q,R,S,T,V,W,Y,c-carb,m-oxid,n-deam,q-deam,k-iron,k-meth,r-meth,Total area,Total length,% C w/ carb,% M w/ oxid,% N w/ deam,% Q w/ deam,% K w/ iron,% K w/ meth,% R w/ meth,NAAF denom.
sample total,6879,1047,5961,7629,4005,7663,1588,8334,175,10576,1220,5933,4924,3570,7386,7232,5233,6610,881,2723,1047,430,214,146,133,42,30,147945175475.28,97451,1.0,0.3524590163934426,0.03606944210348896,0.04089635854341737,0.76,0.24,0.004061738424045491,1518149.382513058
