,A,C,D,E,F,G,H,I,K,L,M,N,P,Q,R,S,T,V,W,Y,c-carb,m-oxid,n-deam,q-deam,k-iron,k-meth,r-meth,Total area,Total length,% C w/ carb,% M w/ oxid,% N w/ deam,% Q w/ deam,% K w/ iron,% K w/ meth,% R w/ meth,NAAF denom.
sample total,20409,1841,13852,18338,7700,20589,3174,19188,12203,25165,2711,10349,10968,7264,7877,12835,13309,17881,1378,5411,1841,1025,370,211,33,324,107,1504871548618.73,228446,1.0,0.3780892659535227,0.035752246593873806,0.029047356828193833,0.0027042530525280667,0.026550848152093746,0.013583851720198045,6587427.876254038
