Sample,% carbamidomethylation,% oxidation,% deamidation,% acetylation, % ubiquitination, % dehydration,% formylation
med4-rl-spider45-dno,0.130285339,0.10366888,0.061652447,0.083228559,0.033691064,0.049393803,0.062415806
med4-rl-spider45-peptides,0.120709317,0.04835215,0.031246436,0.004561524,0.002166724,0.009123047,0.009123047