Sample,DB-Carbamidomethylation,DB-Oxidation,DB-Acetylation,DB-Formylation,DB-Deamidation,DB-Dehydation,DB-Ubiquitination
med4-rl-spider45-dno,0.130285339,0.10366888,0.083228559,0.062415806,0.061652447,0.049393803,0.033691064
med4-rl-spider45-peptides,0.120709317,0.04835215,0.004561524,0.009123047,0.031246436,0.009123047,0.002166724
med4-rl-spider45-dno x 100,13.02853395,10.36688798,8.32285586,6.241580602,6.165244724,4.939380332,3.369106421
med4-rl-spider45-peptides x 100,12.07093169,4.835214962,0.456152355,0.91230471,3.124643631,0.91230471,0.216672369