,NAAF,A-NAAF,C-NAAF,D-NAAF,E-NAAF,F-NAAF,G-NAAF,H-NAAF,I-NAAF,K-NAAF,L-NAAF,M-NAAF,N-NAAF,P-NAAF,Q-NAAF,R-NAAF,S-NAAF,T-NAAF,V-NAAF,W-NAAF,Y-NAAF,C-carb-NAAF,M-oxid-NAAF,N-deam-NAAF,Q-deam-NAAF,K-hydr-NAAF,R-meth-NAAF,% C w/ carb. NAAF,% M w/ oxid. NAAF,% N w/ deam. NAAF,% Q w/ deam. NAAF,% K w/ hydr. NAAF,% R w/ meth. NAAF,NAAF check
sample total,34.029147561104544,28.80281102038852,0.0,30.917422474616785,41.72115871610053,0.5669088176160705,76.95564100524425,0.2480774949300209,30.940598882336086,33.242124601746355,46.32379617626312,0.4308328365528933,32.203301560774094,50.59158859170908,45.58828386870466,37.28602466703595,17.099923454665365,28.621471595634155,90.02231158278963,4.993631144028054,0.6399022974979647,0.0,0.0,0.02308612693057335,0.055944963488025856,0.139214972147076,0.0,,0.0,0.0007168869591524706,0.0012271785366860634,0.0041879083787491255,0.0,2.8774493441318217e-05
