,NAAF,A,C,D,E,F,G,H,I,K,L,M,N,P,Q,R,S,T,V,W,Y,c-carb,m-oxid,n-deam,q-deam,k-meth,r-meth,% C w/ carb.,% M w/ oxid,% N w/ deam,% Q w/ deam,% K w/ meth,% R w/ meth,NAAF check
sample total,37052.25237185446,37362.90203248044,5181.238529043727,18975.072390623456,31593.290618663275,11471.93526200037,28994.48714484818,5511.173121658778,0.0,39106.0192068739,69645.15295323383,7599.4576683595005,24378.213050374823,23777.017085120606,16008.195719440735,24352.04942880139,29182.41185020394,27992.706032489696,37440.25286851749,6802.389628092224,11067.919336091432,5181.238529043727,4423.872994484732,5834.053298752699,304.68938805715595,7076.191432720046,10240.107495166081,1.0,0.5821300923753571,0.23931423056715795,0.019033337260309348,0.18094890700294602,0.42050290367163157,0.008617546391061754
