,A,C,D,E,F,G,H,I,K,L,M,N,P,Q,R,S,T,V,W,Y,c-carb,m-oxid,n-deam,q-deam,k-meth,r-meth,Total area,Total length,% C w/ carb,% M w/ oxid,% N w/ deam,% Q w/ deam,% K w/ meth,% R w/ meth,NAAF denom.
sample total,26183,5122,17132,28796,13394,18841,6922,0,33341,64665,10318,25110,18953,12591,19875,23177,19410,25866,7432,10675,5122,4818,4615,390,3414,5790,1486491893590.1,355522,1.0,0.4669509594882729,0.18379131819992034,0.03097450559923755,0.10239644881677214,0.29132075471698116,4181153.047040971
