,NAAF,A,C,D,E,F,G,H,I,K,L,M,N,P,Q,R,S,T,V,W,Y,c-carb,m-oxid,n-deam,q-deam,k-meth,r-meth,% C w/ carb,% M w/ oxid,% N w/ deam,% Q w/ deam,% K w/ meth,% R w/ meth,NAAF check
sample total,14551.614829095117,12678.560160016239,1670.5395890741797,5886.21007001683,12435.788434618862,4585.758789336498,9747.182863029953,1131.8751785932923,0.0,12957.18513091981,27660.89282041966,1954.8231204502006,8816.408060721065,6688.609564090942,4930.975608976712,7801.547626615124,9983.31171005312,10019.866621934261,13952.050137178347,1314.5567107902134,3627.137618016894,1670.5395890741797,1295.3951690632484,2455.998179817789,187.18852630957778,1793.6853231844061,1784.4133023249021,1.0,0.6626661796208527,0.27857129149452287,0.03796176277343696,0.13843171221688605,0.22872555391924332,0.0024120155149305617
