,A,C,D,E,F,G,H,I,K,L,M,N,P,Q,R,S,T,V,W,Y,c-carb,m-oxid,n-deam,q-deam,k-iron,k-meth,r-meth,Total area,Total length,% C w/ carb,% M w/ oxid,% N w/ deam,% Q w/ deam,% K w/ iron,% K w/ meth,% R w/ meth,NAAF denom.
sample total,26298,4530,16675,28228,13678,18885,6541,0,37569,65861,9507,24640,18561,11951,20005,23104,19571,26416,7191,10343,4530,4156,4478,394,3157,3887,6077,1503743706821.77,349738,1.0,0.4371515725255075,0.18173701298701297,0.032967952472596436,0.08403204769890069,0.1034629614842024,0.3037740564858785,4299629.170469809
