,NAAF,A,C,D,E,F,G,H,I,K,L,M,N,P,Q,R,S,T,V,W,Y,c-carb,m-oxid,n-deam,q-deam,k-iron,k-meth,r-meth,% C w/ carb.,% M w/ oxid,% N w/ deam,% Q w/ deam,% K w/ iron,% K w/ meth,% R w/ meth,NAAF check
sample total,18341.058530312923,12164.760622966392,1452.7057225193823,5516.798443797955,11947.333780967696,4401.643851433138,9278.31595680563,1011.8246246426627,0.0,26105.400315003702,31455.333104324825,1894.188825590611,8483.499980854815,6347.0370881779945,4680.178057236321,11605.46147293154,18203.714678704306,22920.324366477587,30526.668468157593,1240.996147371312,3413.7359286086357,1452.7057225193823,1261.6422174062814,2422.397430765346,178.30527951110417,4663.058509504184,6347.350433635902,1805.8075046583024,1.0,0.6660593708300963,0.2855422215161319,0.0380979692076918,0.17862428667007105,0.2431431947813439,0.15559980177179075,0.0030401380365642394
