,A,C,D,E,F,G,H,I,K,I/L,M,N,P,Q,R,S,T,V,W,Y,c-carb,m-oxid,n-deam,q-deam,k-iron,k-meth,r-meth,Total area,Total length,% C w/ carb,% M w/ oxid,% N w/ deam,% Q w/ deam,% K w/ iron,% K w/ meth,% R w/ meth,NAAF denom.
sample total,9215,1086,5896,11615,5900,6195,1413,0,12292,28230,2218,9742,5148,4403,6067,8673,7111,9828,2111,3911,1086,1021,2161,252,240,522,1237,812779739373.03,134723,1.0,0.46032461677186653,0.22182303428454117,0.057233704292527825,0.019524894240156198,0.042466644972339734,0.20388989615955166,6032969.421502119
