,A,C,D,E,F,G,H,I,K,L,M,N,P,Q,R,S,T,V,W,Y,c-carb,m-oxid,n-deam,q-deam,k-meth,r-meth,Total area,Total length,% C w/ carb,% M w/ oxid,% N w/ deam,% Q w/ deam,% K w/ meth,% R w/ meth,NAAF denom.
sample total,9327,1126,6009,11811,5977,6295,1438,0,12060,28422,2270,9908,5250,4513,6138,8802,7145,9825,2144,3987,1126,1046,2184,258,475,1251,795499912603.03,136762,1.0,0.46079295154185024,0.2204279370205894,0.057168180810990475,0.039386401326699835,0.20381231671554254,5816673.583327459
