,NAAF,A,C,D,E,F,G,H,I,K,L,M,N,P,Q,R,S,T,V,W,Y,c-carb,m-oxid,n-deam,q-deam,k-iron,k-meth,r-meth,% C w/ carb.,% M w/ oxid,% N w/ deam,% Q w/ deam,% K w/ iron,% K w/ meth,% R w/ meth,NAAF check
sample total,45601.563834074455,39572.80893815783,5213.700111731876,18812.44280867268,32560.689447875793,12573.764709362747,30120.599637290466,5194.802579872461,0.0,70379.7950277507,80389.33684295329,7728.046585692124,24804.475783414888,24023.033136771664,14675.623830894756,32103.96994619858,43802.78727053366,52386.280507443815,68709.02864840135,7130.99545853262,11124.981222213719,5213.700111731876,4164.374765393869,5658.409296207723,390.1788646509011,11990.471390922266,17051.641283778663,10830.772399320125,1.0,0.5388651218930129,0.22812049509190302,0.026586867389548807,0.17036809195301622,0.24228034874291993,0.3373655163978433,0.010605929914900671
