depth,med4-int,int-sus,med4-cyt,cyt-sus,int-sink,cyt-sink
epi,27.85950507,19.21776919,30.98414871,18.54176726,34.90636704,16.47940075
meso,0,33.90177353,0,18.55388813,37.39811912,18.36990596
bathy,0,38.24451411,0,18.10344828,38.36281651,17.53381894