Depth,Particle,NIAF,Mod100
100,0.5,0.32236893,27.69857434
265,0.5,0.070407137,29.57252978
1000,0.5,0.006359835,30.72796935
100,1,0.002994557,34.3213729
265,1,0.089278406,57.6085791
965,1,0.086311154,52.0693733