Depth,oxidation-sus,methylation-sus,deamidation-sus,acetylation-sus,dehydration-sus,ethylation-sus,other-sus,oxidation-sink,methylation-sink,deamidation-sink,acetylation-sink,dehydration-sink,ethylation-sink,other-sink
Epipelagic,15.09677419,17.29032258,6.709677419,2.064516129,1.032258065,17.93548387,39.87096774,13.07692308,16.15384615,5.384615385,2.307692308,3.846153846,16.92307692,42.30769231
Mesopelagic,10.34482759,18.87477314,10.16333938,2.177858439,1.633393829,19.60072595,37.20508167,19.23076923,17.62820513,2.884615385,0.320512821,2.884615385,17.94871795,39.1025641
Bathypelagic,16.03773585,14.1509434,9.433962264,0.943396226,3.773584906,16.03773585,39.62264151,20.19704433,15.7635468,5.418719212,0.985221675,3.448275862,16.25615764,37.93103448