,NAAF,A-NAAF,C-NAAF,D-NAAF,E-NAAF,F-NAAF,G-NAAF,H-NAAF,I-NAAF,K-NAAF,L-NAAF,M-NAAF,N-NAAF,P-NAAF,Q-NAAF,R-NAAF,S-NAAF,T-NAAF,V-NAAF,W-NAAF,Y-NAAF,C-carb-NAAF,M-oxid-NAAF,N-deam-NAAF,Q-deam-NAAF,K-hydr-NAAF,R-meth-NAAF,% C w/ carb. NAAF,% M w/ oxid. NAAF,% N w/ deam. NAAF,% Q w/ deam. NAAF,% K w/ hydr. NAAF,% R w/ meth. NAAF,NAAF check
sample total,187.8908953684276,412.21571158054826,5.158609599078835,237.39137580565472,245.19925151275845,17.22780603205079,233.6157396271242,5.093996369593837,201.65227227783356,118.07055177278625,204.0002791885393,16.783250734057646,132.66230444001826,110.16559108634539,184.94906962649054,309.1140011322085,190.1150825945424,133.65361391871892,465.10654908045296,54.93998022540331,15.267341105194571,5.158609599078835,6.87934593431886,0.0,0.7115685052214421,0.14517431443306922,0.0,1.0,0.4098935327444553,0.0,0.0038473754242639513,0.0012295556534066274,0.0,0.0005990746392614046
