,NAAF,A-NAAF,C-NAAF,D-NAAF,E-NAAF,F-NAAF,G-NAAF,H-NAAF,I-NAAF,K-NAAF,L-NAAF,M-NAAF,N-NAAF,P-NAAF,Q-NAAF,R-NAAF,S-NAAF,T-NAAF,V-NAAF,W-NAAF,Y-NAAF,C-carb-NAAF,M-oxid-NAAF,N-deam-NAAF,Q-deam-NAAF,K-hydr-NAAF,R-meth-NAAF,% C w/ carb. NAAF,% M w/ oxid. NAAF,% N w/ deam. NAAF,% Q w/ deam. NAAF,% K w/ hydr. NAAF,% R w/ meth. NAAF,NAAF check
sample total,192.80909438878427,417.1784482780196,2.138784725589744,246.3059728586282,252.43419521390865,16.369696325927197,251.6109944283723,5.386227450066406,207.61608260690923,118.7834724412175,209.55327807620202,14.923198559113084,136.9459547960675,117.73084502188232,200.89563200678663,320.88764127266575,201.6252713517764,133.48596388794016,486.3566245651057,54.621181953566854,16.269221038752615,2.138784725589744,4.866433478021186,0.0,0.5665032400041126,0.08630097320090213,0.0,1.0,0.326098554458315,0.0,0.0028198882889846756,0.000726540245265266,0.0,0.0008151739335950916
