,A,C,D,E,F,G,H,I,K,L,M,N,P,Q,R,S,T,V,W,Y,c-carb,m-oxid,n-deam,q-deam,k-hydr,r-meth,Total area,Total length,% C w/ carb,% M w/ oxid,% N w/ deam,% Q w/ deam,% K w/ hydr,% R w/ meth,NAAF denom.
sample total,4116,639,2104,2895,1615,2160,1075,0,4719,5701,1776,3223,2505,1598,3740,2674,2729,3492,1206,1393,639,807,665,41,792,1078,12648390463.41,45055,1.0,0.4543918918918919,0.2063295066708036,0.025657071339173967,0.16783216783216784,0.28823529411764703,280732.2264656531
