,NAAF,A-NAAF,C-NAAF,D-NAAF,E-NAAF,F-NAAF,G-NAAF,H-NAAF,I-NAAF,K-NAAF,L-NAAF,M-NAAF,N-NAAF,P-NAAF,Q-NAAF,R-NAAF,S-NAAF,T-NAAF,V-NAAF,W-NAAF,Y-NAAF,C-carb-NAAF,M-oxid-NAAF,N-deam-NAAF,Q-deam-NAAF,K-hydr-NAAF,R-meth-NAAF,% C w/ carb. NAAF,% M w/ oxid. NAAF,% N w/ deam. NAAF,% Q w/ deam. NAAF,% K w/ hydr. NAAF,% R w/ meth. NAAF,NAAF check
sample total,5339.130823240845,5097.538612304008,445.56255778829075,1316.6066449360067,2346.68818592374,799.4039543096947,1667.6912515756312,358.60609668701613,0.0,2408.4734388811257,6742.104792959429,617.141251368119,2333.5238332550475,3316.787986923209,1065.1752607758076,4918.7751139510265,3372.1447551368938,3678.078660555642,8233.046330234782,675.2850125979121,905.8780037239526,445.56255778829075,354.513620115855,982.42382966024,188.58464880104557,483.2627728884804,1435.6482914602907,1.0,0.5744448606051631,0.42100441215115025,0.1770456522466474,0.20065107012887953,0.29187109762111085,0.019018588960920298
