,NAAF,A-NAAF,C-NAAF,D-NAAF,E-NAAF,F-NAAF,G-NAAF,H-NAAF,I-NAAF,K-NAAF,L-NAAF,M-NAAF,N-NAAF,P-NAAF,Q-NAAF,R-NAAF,S-NAAF,T-NAAF,V-NAAF,W-NAAF,Y-NAAF,C-carb-NAAF,M-oxid-NAAF,N-deam-NAAF,Q-deam-NAAF,K-hydr-NAAF,R-meth-NAAF,% C w/ carb. NAAF,% M w/ oxid. NAAF,% N w/ deam. NAAF,% Q w/ deam. NAAF,% K w/ hydr. NAAF,% R w/ meth. NAAF,NAAF check
sample total,1099.238192361151,1012.769901155781,55.719669615340045,227.71263507926193,432.3234874831334,148.6472439868753,363.3284289189079,17.91866215036823,0.0,276.67201321529035,1507.4003767322292,52.05074052326986,328.73127522321306,771.2023867174838,211.86312179006424,925.8004136859863,801.3974389493377,911.731080964538,1849.496820573604,75.90832398792945,149.34221543440108,55.719669615340045,36.02613614499727,140.38416292817698,60.140534391916454,35.34828075168139,107.09300863810118,1.0,0.6921349395383027,0.4270483933506302,0.28386504401417195,0.12776240119442578,0.11567612960089373,0.0012730165941226786
