,A,C,D,E,F,G,H,I,K,L,M,N,P,Q,R,S,T,V,W,Y,c-carb,m-oxid,n-deam,q-deam,k-hydr,r-meth,Total area,Total length,% C w/ carb,% M w/ oxid,% N w/ deam,% Q w/ deam,% K w/ hydr,% R w/ meth,NAAF denom.
sample total,974,47,443,753,361,494,79,0,728,1503,159,602,413,306,679,555,574,802,216,293,47,88,157,28,46,104,8303328100.0,9616,1.0,0.5534591194968553,0.260797342192691,0.0915032679738562,0.06318681318681318,0.15316642120765833,863490.858985025
