,NAAF,A-NAAF,C-NAAF,D-NAAF,E-NAAF,F-NAAF,G-NAAF,H-NAAF,I-NAAF,K-NAAF,L-NAAF,M-NAAF,N-NAAF,P-NAAF,Q-NAAF,R-NAAF,S-NAAF,T-NAAF,V-NAAF,W-NAAF,Y-NAAF,C-carb-NAAF,M-oxid-NAAF,N-deam-NAAF,Q-deam-NAAF,K-hydr-NAAF,R-meth-NAAF,% C w/ carb. NAAF,% M w/ oxid. NAAF,% N w/ deam. NAAF,% Q w/ deam. NAAF,% K w/ hydr. NAAF,% R w/ meth. NAAF,NAAF check
sample total,1502.41745985938,2078.24498866974,35.3282513367351,1117.90300288344,1140.39534726846,301.460433021155,1303.225805429,39.4153289773575,1076.56093253613,556.8549342005,1796.85179505708,91.2559844170813,741.349729937751,926.28294678587,503.334957695294,1016.19670224951,1262.84956825406,907.584734050459,1603.63569549569,43.8965065659641,279.538394870873,35.3282513367351,78.0068559067856,0.897950063619799,1.50673571080008,9.37154974307565,11.166295159968,1,0.854813592829802,0.001211236785228,0.002993504996552,0.016829427499876,0.01098832060294,0.006440024841349
