,A,C,D,E,F,G,H,I,K,L,M,N,P,Q,R,S,T,V,W,Y,c-carb,m-oxid,n-deam,q-deam,k-hydr,r-meth,Total area,Total length,% C w/ carb,% M w/ oxid,% N w/ deam,% Q w/ deam,% K w/ hydr,% R w/ meth,NAAF denom.
sample total,1786,77,1133,1308,590,1835,70,894,789,1443,78,794,758,569,661,1252,937,1258,73,444,77,67,14,11,8,6,3867076980.0,16576,1.0,0.8589743589743589,0.017632241813602016,0.019332161687170474,0.010139416983523447,0.009077155824508321,233293.73672779923
