,NAAF,A-NAAF,C-NAAF,D-NAAF,E-NAAF,F-NAAF,G-NAAF,H-NAAF,I-NAAF,K-NAAF,L-NAAF,M-NAAF,N-NAAF,P-NAAF,Q-NAAF,R-NAAF,S-NAAF,T-NAAF,V-NAAF,W-NAAF,Y-NAAF,C-carb-NAAF,M-oxid-NAAF,N-deam-NAAF,Q-deam-NAAF,K-hydr-NAAF,R-meth-NAAF,% C w/ carb. NAAF,% M w/ oxid. NAAF,% N w/ deam. NAAF,% Q w/ deam. NAAF,% K w/ hydr. NAAF,% R w/ meth. NAAF,NAAF check
sample total,35.07893124584478,56.56152598752099,0.0,48.704679924808715,45.46919456627144,0.20748965988207363,52.970738885420154,0.17700065048284983,36.661525916854764,21.58702235568705,44.15459013405364,5.130704080258211,15.014935277893079,32.99209743273331,43.62796789880799,52.07714882580133,27.1311578623626,25.69374869408297,88.46024026831395,9.455829268016767,0.6936701886228547,0.0,0.0654656999267686,0.04213881756249173,0.15266715754375448,0.0,0.012693687066134553,,0.012759593791165192,0.0028064601533470427,0.0034992956329723,0.0,0.000243747734896069,4.22732063291366e-05
