,NAAF,A-NAAF,C-NAAF,D-NAAF,E-NAAF,F-NAAF,G-NAAF,H-NAAF,I-NAAF,K-NAAF,L-NAAF,M-NAAF,N-NAAF,P-NAAF,Q-NAAF,R-NAAF,S-NAAF,T-NAAF,V-NAAF,W-NAAF,Y-NAAF,C-carb-NAAF,M-oxid-NAAF,N-deam-NAAF,Q-deam-NAAF,K-hydr-NAAF,R-meth-NAAF,% C w/ carb. NAAF,% M w/ oxid. NAAF,% N w/ deam. NAAF,% Q w/ deam. NAAF,% K w/ hydr. NAAF,% R w/ meth. NAAF,NAAF check
sample total,19.224958887263494,16.748775455761226,0.0,19.923226058231325,21.007057278263737,0.0,42.43733861917166,0.44239358720380034,16.707211985895167,18.842771078110232,24.34357313100876,1.505598668021624,17.286573046327206,26.692570794863855,20.1209030215493,20.662829253459325,10.748080438865465,16.6321207131555,47.95530083440765,2.253852184630541,0.2399060766664089,0.0,0.0,0.0,0.0,0.0,0.0,,0.0,0.0,0.0,0.0,0.0,6.22070665791989e-05
