,NAAF,A-NAAF,C-NAAF,D-NAAF,E-NAAF,F-NAAF,G-NAAF,H-NAAF,I-NAAF,K-NAAF,L-NAAF,M-NAAF,N-NAAF,P-NAAF,Q-NAAF,R-NAAF,S-NAAF,T-NAAF,V-NAAF,W-NAAF,Y-NAAF,C-carb-NAAF,M-oxid-NAAF,N-deam-NAAF,Q-deam-NAAF,K-hydr-NAAF,R-meth-NAAF,% C w/ carb. NAAF,% M w/ oxid. NAAF,% N w/ deam. NAAF,% Q w/ deam. NAAF,% K w/ hydr. NAAF,% R w/ meth. NAAF,NAAF check
sample total,19.95805303542113,17.860325732118074,0.0,20.22983016693324,21.283442485919533,0.0,43.008441900008705,0.48322742683839215,17.16446525589005,20.06374658297602,25.38470665470572,1.5554489075900837,17.761033293248314,26.66465045207685,19.337802255312383,20.340205538725186,12.165188610512441,16.813811447754386,48.175768772900355,2.374133444767977,0.24987714272815542,0.0,0.0,0.0,0.0,0.0,0.0,,0.0,0.0,0.0,0.0,0.0,5.101917531238027e-05
