,A,C,D,E,F,G,H,I,K,L,M,N,P,Q,R,S,T,V,W,Y,c-carb,m-oxid,n-deam,q-deam,k-hydr,r-meth,Total area,Total length,% C w/ carb,% M w/ oxid,% N w/ deam,% Q w/ deam,% K w/ hydr,% R w/ meth,NAAF denom.
sample total,1510,63,842,915,474,1443,76,800,682,981,32,600,713,477,491,837,773,978,180,360,63,27,9,4,0,2,2806488158.0,13125,1.0,0.84375,0.015,0.008385744234800839,0.0,0.004073319755600814,213827.6691809524
