,A,C,D,E,F,G,H,I,K,L,M,N,P,Q,R,S,T,V,W,Y,c-carb,m-oxid,n-deam,q-deam,k-meth,r-meth,Total area,Total length,% C w/ carb,% M w/ oxid,% N w/ deam,% Q w/ deam,% K w/ meth,% R w/ meth,NAAF denom.
sample total,27437,3320,24154,29748,12650,27602,4922,28106,31236,38424,3598,21526,15457,11799,16016,24995,19335,25375,2067,8473,3120,1209,932,597,17,6,85373714570.6,330139,0.9397590361445783,0.3360200111172874,0.04329647867694881,0.05059750826341215,0.0005442438212319119,0.0003746253746253746,258599.3008114764
