,NAAF,A,C,D,E,F,G,H,I,K,L,M,N,P,Q,R,S,T,V,W,Y,c-carb,m-oxid,n-deam,q-deam,k-iron,k-meth,r-meth,% C w/ carb,% M w/ oxid,% N w/ deam,% Q w/ deam,% K w/ iron,% K w/ meth,% R w/ meth,NAAF check
sample total,31802.071268872736,43717.228045541844,2475.403799027474,28388.531327154367,38901.63975254464,13339.361479647185,38781.39962753536,4155.241209306128,32998.55699240613,48957.85937399589,50679.739279220266,4030.7235132478118,21104.120341927865,21987.082268484468,13933.249367312857,22136.374555951876,27592.55882821054,25822.780011748113,37082.25063341435,1873.2497346979067,8592.262969256664,2212.350737077281,791.6607288069546,1177.3190973938106,518.1217985146948,422.6424773675444,296.7498389459312,154.22676257439824,0.8937332721014889,0.19640660695406092,0.05578621986223294,0.03718599910586534,0.008632780982904499,0.006061331985106169,0.0069671193078421605,0.1059549949636427
