,A,C,D,E,F,G,H,I,K,L,M,N,P,Q,R,S,T,V,W,Y,c-carb,m-oxid,n-deam,q-deam,k-iron,k-meth,r-meth,Total area,Total length,% C w/ carb,% M w/ oxid,% N w/ deam,% Q w/ deam,% K w/ iron,% K w/ meth,% R w/ meth,NAAF denom.
sample total,43387,5043,38019,47552,21887,44168,7846,46572,55616,64440,6989,35837,26185,19160,28029,41010,31194,40729,3806,13825,4678,2131,3032,1656,1037,581,253,150226101772.19998,527301,0.9276224469561769,0.3049077121190442,0.08460529620224908,0.08643006263048017,0.018645713463751438,0.010446634062140392,0.009026365549966107,284896.2959907149
