,A,C,D,E,F,G,H,I,K,L,M,N,P,Q,R,S,T,V,W,Y,c-carb,m-oxid,n-deam,q-deam,k-iron,k-meth,r-meth,% C w/ carb.,% M w/ oxid,% N w/ deam,% Q w/ deam,% K w/ iron,% K w/ meth,% R w/ meth
sample total,44906,5271,39296,49238,22760,45755,8080,52085,58223,63935,7456,38309,26885,20204,28876,42764,32247,41913,3973,14277,4885,2303,4089,2140,1784,1106,470,0.9267691140201101,0.30887875536480686,0.10673732021196064,0.10591961987725203,0.030640812050220703,0.018995929443690638,0.016276492589001247
