,NAAF,A,C,D,E,F,G,H,I,K,L,M,N,P,Q,R,S,T,V,W,Y,c-carb,m-oxid,n-deam,q-deam,k-iron,k-meth,r-meth,% C w/ carb,% M w/ oxid,% N w/ deam,% Q w/ deam,% K w/ iron,% K w/ meth,% R w/ meth,NAAF check
sample total,45490.8374896147,55935.70659997334,4646.427904331261,36368.608101455844,53458.408691157776,20473.760802165114,49778.15730686752,6800.1667846728205,49325.89382148876,71764.65624528109,73854.61893508027,9599.95057976785,32791.35463882863,28501.440338687516,18669.961211274273,33034.579851511706,39409.64133396571,33875.04725249808,49058.67562538424,2800.6746614191843,12032.098812396047,4315.111456726656,1881.999588353692,4676.970452982572,1296.631396671704,4928.062207975537,2110.5309957068903,2046.1995419220136,0.9286943745977934,0.19604263300272148,0.14262815624715047,0.06945013875490562,0.06866976678787594,0.029409058805958805,0.0619411401967135,0.15967507521070676
