,A,C,D,E,F,G,H,I,K,L,M,N,P,Q,R,S,T,V,W,Y,c-carb,m-oxid,n-deam,q-deam,k-iron,k-meth,r-meth,% C w/ carb.,% M w/ oxid,% N w/ deam,% Q w/ deam,% K w/ iron,% K w/ meth,% R w/ meth
sample total,131053,26238,126142,156032,87249,146863,27981,175266,210151,206051,50618,178010,83503,81001,83904,163204,100974,116836,20028,55021,24367,22754,60174,26162,38003,32781,16426,0.9286912112203674,0.4495238847840689,0.33803718892197065,0.32298366686831026,0.18083663651374488,0.15598783731697685,0.19577135774218155
