,A,C,D,E,F,G,H,I,K,L,M,N,P,Q,R,S,T,V,W,Y,c-carb,m-oxid,n-deam,q-deam,k-iron,k-meth,r-meth,Total area,Total length,% C w/ carb.,% M w/ oxid,% N w/ deam,% Q w/ deam,% K w/ iron,% K w/ meth,% R w/ meth,NAAF denom.
sample total,34390,3829,29556,36962,16265,34557,6414,35470,41629,49572,4945,26809,19760,14663,21321,31215,24088,32026,2678,10302,3554,1448,1796,996,309,144,72,123693870186.7,412111,0.9281796813789501,0.2928210313447927,0.06699242791599835,0.06792607242719771,0.007422710129957481,0.003459127050853972,0.0033769523005487546,300146.97541851585
