,NAAF,A,C,D,E,F,G,H,I,K,L,M,N,P,Q,R,S,T,V,W,Y,c-carb,m-oxid,n-deam,q-deam,k-meth,r-meth,% C w/ carb,% M w/ oxid,% N w/ deam,% Q w/ deam,% K w/ meth,% R w/ meth,NAAF check
sample total,23247.130280061017,34054.17212049498,2310.1316335447727,23729.40971193274,31390.643647441866,10655.535940684214,32470.464760977513,3390.209699357322,27106.632659531097,37810.91889684886,39775.56326575446,2461.1895955218224,16164.208467986211,16943.013951394474,9834.189453027084,15093.110962963783,21179.297459570713,20412.67504186461,27132.125768634833,1222.6765396670573,7486.185562758742,2144.155295816317,656.546658054564,229.40472880633547,137.23303275055542,21.387830827134916,16.538019439637136,0.9281528656989239,0.26675988686493807,0.014192141190252507,0.013954686698486719,0.0005656522362094027,0.0010957329791200065,0.077452488893511
