,A,C,D,E,F,G,H,I,K,L,M,N,P,Q,R,S,T,V,W,Y,c-carb,m-oxid,n-deam,q-deam,k-iron,k-meth,r-meth,% C w/ carb.,% M w/ oxid,% N w/ deam,% Q w/ deam,% K w/ iron,% K w/ meth,% R w/ meth
sample total,34766,3876,29841,37360,16417,34864,6466,38307,42186,47856,5032,27263,19908,14923,21484,31555,24319,32305,2714,10384,3599,1479,1987,1114,472,247,108,0.9285345717234262,0.2939189189189189,0.07288266148259546,0.07464986932922335,0.011188545963115725,0.005855022993410136,0.005026996834853845
