,NAAF,A-NAAF,C-NAAF,D-NAAF,E-NAAF,F-NAAF,G-NAAF,H-NAAF,I-NAAF,K-NAAF,L-NAAF,M-NAAF,N-NAAF,P-NAAF,Q-NAAF,R-NAAF,S-NAAF,T-NAAF,V-NAAF,W-NAAF,Y-NAAF,C-carb-NAAF,M-oxid-NAAF,N-deam-NAAF,Q-deam-NAAF,K-hydr-NAAF,R-meth-NAAF,% C w/ carb. NAAF,% M w/ oxid. NAAF,% N w/ deam. NAAF,% Q w/ deam. NAAF,% K w/ hydr. NAAF,% R w/ meth. NAAF,NAAF check
sample total,57.56869774181417,85.05940898426748,0.0,51.633319790211,92.96724575400962,7.673069249224744,84.39610329997294,16.673407436045956,46.367420412095456,46.01633028184178,69.7087101731723,1.227260825798041,33.13550274213505,47.85576687326325,58.181465329764556,70.86937090415222,29.022092065580026,60.85934519835947,118.33490638945203,14.551040851970335,19.410767908688577,0.0,0.0,14.716530718211558,1.6686863797551559,14.743289787421897,16.766056103740954,,0.0,0.4441318072865103,0.028680721090424084,0.3203925584052854,0.23657690042735563,0.0002849869522192177
